Police force name,Police force code,Month,Year,"Total Calls
Unrounded","Average answer time
in seconds, unrounded, to 1dp","Median answer time
in seconds, unrounded","Calls answered in under 10 seconds
unrounded","% Calls answered in under 10 seconds
unrounded, to 1dp","Calls answered in 10 to (under) 60 seconds
unrounded","% Calls answered in 10 to (under) 60 seconds
unrounded, to 1dp","Calls answered at 60 seconds or longer
unrounded","% Calls answered at 60 seconds or longer
unrounded, to 1dp"
Avon and Somerset Constabulary,Avon-and-Somerset,11,2021,22487,5.6,4,20946,93.1,1430,6.4,111,0.5
Bedfordshire Police,Bedfordshire,11,2021,9263,19.7,4,6272,67.7,2150,23.2,841,9.1
Cambridgeshire Constabulary,Cambridgeshire,11,2021,10969,13,8,7613,69.4,3069,28,287,2.6
Cheshire Constabulary,Cheshire,11,2021,11894,21.8,7,8354,70.2,2414,20.3,1126,9.5
Cleveland Police,Cleveland,11,2021,8413,9.3,5,6532,77.6,1777,21.1,104,1.2
Cumbria Constabulary,Cumbria,11,2021,5394,13.3,7,4336,80.4,863,16,195,3.6
Derbyshire Constabulary,Derbyshire,11,2021,13064,11.5,9,6991,53.5,5998,45.9,75,0.6
Devon & Cornwall Police,Devon-and-Cornwall,11,2021,19521,17.3,7,14334,73.4,4006,20.5,1181,6
Dorset Police,Dorset,11,2021,8973,14.6,8,5746,64,2911,32.4,316,3.5
Durham Constabulary,Durham,11,2021,7464,24.5,10,2685,36,3998,53.6,781,10.5
Dyfed-Powys Police,Dyfed-Powys,11,2021,4285,11.9,4,3377,78.8,735,17.2,173,4
Essex Police,Essex,11,2021,22614,12.1,6,17786,78.7,4095,18.1,733,3.2
Gloucestershire Constabulary,Gloucestershire,11,2021,6550,22.3,9,3332,50.9,2693,41.1,525,8
Greater Manchester Police,Greater-Manchester,11,2021,46134,20.5,7,33586,72.8,8453,18.3,4095,8.9
Gwent Police,Gwent,11,2021,6351,13.9,5,5226,82.3,798,12.6,327,5.1
Hampshire Constabulary,Hampshire,11,2021,20082,11.1,8,14836,73.9,4902,24.4,344,1.7
Hertfordshire Constabulary,Hertfordshire,11,2021,12397,14,8,9207,74.3,2749,22.2,441,3.6
Humberside Police,Humberside,11,2021,10629,16.6,12,158,1.5,10118,95.2,353,3.3
Kent Police,Kent,11,2021,23779,17.1,5,16049,67.5,6051,25.4,1679,7.1
Lancashire Constabulary,Lancashire,11,2021,21872,14.2,9,12712,58.1,8700,39.8,460,2.1
Leicestershire Police,Leicestershire,11,2021,13252,7.9,4,11894,89.8,1040,7.8,318,2.4
Lincolnshire Police,Lincolnshire,11,2021,7319,7.6,3,6252,85.4,934,12.8,133,1.8
Merseyside Police,Merseyside,11,2021,22050,10.2,4,18371,83.3,3003,13.6,676,3.1
Metropolitan Police Service,Metropolitan,11,2021,158154,17.9,7,110561,69.9,37059,23.4,10534,6.7
Norfolk Constabulary,Norfolk,11,2021,8720,8.8,5,7221,82.8,1385,15.9,114,1.3
North Wales Police,North-Wales,11,2021,7570,9.7,5,5774,76.3,1659,21.9,137,1.8
North Yorkshire Police,North-Yorkshire,11,2021,7783,27,14,3434,44.1,3404,43.7,945,12.1
Northamptonshire Police,Northamptonshire,11,2021,9415,6.4,4,8196,87.1,1192,12.7,27,0.3
Northumbria Police,Northumbria,11,2021,21684,43.9,10,10611,48.9,6555,30.2,4518,20.8
Nottinghamshire Police,Nottinghamshire,11,2021,14652,8.1,5,12959,88.4,1534,10.5,159,1.1
Police Scotland,Scotland,11,2021,51403,8.9,6,44735,87,6012,11.7,656,1.3
Police Service of Northern Ireland,Northern-Ireland,11,2021,14515,10.4,7,10926,75.3,3381,23.3,208,1.4
South Wales Police,South-Wales,11,2021,16793,13.6,4,12816,76.3,2958,17.6,1019,6.1
South Yorkshire Police,South-Yorkshire,11,2021,22196,21.6,12,3552,16,16981,76.5,1663,7.5
Staffordshire Police,Staffordshire,11,2021,14124,29.2,5,10831,76.7,1601,11.3,1692,12
Suffolk Constabulary,Suffolk,11,2021,8367,19.6,5,6669,79.7,1037,12.4,661,7.9
Surrey Police,Surrey,11,2021,11451,8.9,6,9472,82.7,1895,16.5,84,0.7
Sussex Police,Sussex,11,2021,19265,10.4,8,15306,79.4,3787,19.7,172,0.9
Thames Valley Police,Thames-Valley,11,2021,26495,12.3,6,21192,80,4430,16.7,873,3.3
Warwickshire Police,Warwickshire,11,2021,6831,7.3,3,5542,81.1,1220,17.9,69,1
West Mercia Police,West-Mercia,11,2021,12108,11.7,8,9267,76.5,2597,21.4,244,2
West Midlands police,West-Midlands,11,2021,55683,20.6,6,35925,64.5,14360,25.8,5398,9.7
West Yorkshire Police,West-Yorkshire,11,2021,36976,12.2,7,28303,76.5,7913,21.4,760,2.1
Wiltshire Police,Wiltshire,11,2021,6362,17.5,9,3909,61.4,2088,32.8,365,5.7
Avon and Somerset Constabulary,Avon-and-Somerset,12,2021,22767,6.1,4,20708,91,1897,8.3,162,0.7
Bedfordshire Police,Bedfordshire,12,2021,9127,17.7,4,6530,71.5,1939,21.2,658,7.2
Cambridgeshire Constabulary,Cambridgeshire,12,2021,10949,11.9,8,7944,72.6,2798,25.6,207,1.9
Cheshire Constabulary,Cheshire,12,2021,12398,24.3,8,8442,68.1,2535,20.4,1421,11.5
Cleveland Police,Cleveland,12,2021,8768,8.1,4,7271,82.9,1402,16,95,1.1
Cumbria Constabulary,Cumbria,12,2021,5398,10.2,7,4496,83.3,825,15.3,77,1.4
Derbyshire Constabulary,Derbyshire,12,2021,13441,12.2,9,6963,51.8,6347,47.2,131,1
Devon & Cornwall Police,Devon-and-Cornwall,12,2021,20246,18.1,7,14765,72.9,4220,20.8,1261,6.2
Dorset Police,Dorset,12,2021,9057,21.6,9,5404,59.7,3042,33.6,611,6.7
Durham Constabulary,Durham,12,2021,7652,19.2,10,3470,45.3,3663,47.9,519,6.8
Dyfed-Powys Police,Dyfed-Powys,12,2021,4304,9.4,4,3522,81.8,673,15.6,109,2.5
Essex Police,Essex,12,2021,23850,11.9,6,19082,80,4004,16.8,764,3.2
Gloucestershire Constabulary,Gloucestershire,12,2021,6804,26,10,3242,47.6,2835,41.7,727,10.7
Greater Manchester Police,Greater-Manchester,12,2021,46160,22.6,7,32102,69.5,9159,19.8,4899,10.6
Gwent Police,Gwent,12,2021,6751,15.3,5,5406,80.1,963,14.3,382,5.7
Hampshire Constabulary,Hampshire,12,2021,21110,13.5,8,14358,68,6081,28.8,671,3.2
Hertfordshire Constabulary,Hertfordshire,12,2021,13446,20.4,8,8930,66.4,3464,25.8,1052,7.8
Humberside Police,Humberside,12,2021,11531,15.7,12,201,1.7,11045,95.8,285,2.5
Kent Police,Kent,12,2021,24454,19.5,5,15658,64,6620,27.1,2176,8.9
Lancashire Constabulary,Lancashire,12,2021,22023,14.9,9,12392,56.3,9104,41.3,527,2.4
Leicestershire Police,Leicestershire,12,2021,13498,9.6,4,11668,86.4,1350,10,480,3.6
Lincolnshire Police,Lincolnshire,12,2021,8026,6.4,3,7059,88,881,11,86,1.1
Merseyside Police,Merseyside,12,2021,21731,10.3,4,17631,81.1,3377,15.5,723,3.3
Metropolitan Police Service,Metropolitan,12,2021,157211,22.6,7,103581,65.9,39303,25,14327,9.1
Norfolk Constabulary,Norfolk,12,2021,9105,9.3,5,7465,82,1483,16.3,157,1.7
North Wales Police,North-Wales,12,2021,7574,9.2,4,5821,76.9,1628,21.5,125,1.7
North Yorkshire Police,North-Yorkshire,12,2021,7596,21.8,8,3939,51.9,3016,39.7,641,8.4
Northamptonshire Police,Northamptonshire,12,2021,10510,6.3,4,9360,89.1,1097,10.4,53,0.5
Northumbria Police,Northumbria,12,2021,21764,36.8,9,11305,51.9,6458,29.7,4001,18.4
Nottinghamshire Police,Nottinghamshire,12,2021,15048,7.7,5,13386,89,1573,10.5,89,0.6
Police Scotland,Scotland,12,2021,52735,10.2,6,44872,85.1,6717,12.7,1146,2.2
Police Service of Northern Ireland,Northern-Ireland,12,2021,16075,10.4,7,11825,73.6,3971,24.7,279,1.7
South Wales Police,South-Wales,12,2021,15473,23.2,4,10625,68.7,3038,19.6,1810,11.7
South Yorkshire Police,South-Yorkshire,12,2021,20930,22,12,3120,14.9,16175,77.3,1635,7.8
Staffordshire Police,Staffordshire,12,2021,15434,21.4,5,12666,82.1,1471,9.5,1297,8.4
Suffolk Constabulary,Suffolk,12,2021,8728,19,5,6987,80.1,1114,12.8,627,7.2
Surrey Police,Surrey,12,2021,11760,10.6,6,9373,79.7,2174,18.5,213,1.8
Sussex Police,Sussex,12,2021,20122,10.8,8,16030,79.7,3818,19,274,1.4
Thames Valley Police,Thames-Valley,12,2021,26617,11.1,6,22022,82.7,3947,14.8,648,2.4
Warwickshire Police,Warwickshire,12,2021,7185,7.9,3,5754,80.1,1331,18.5,100,1.4
West Mercia Police,West-Mercia,12,2021,13109,11.9,8,10040,76.6,2813,21.5,256,2
West Midlands police,West-Midlands,12,2021,57206,21.2,6,38064,66.5,13411,23.4,5731,10
West Yorkshire Police,West-Yorkshire,12,2021,37798,11.2,7,30061,79.5,7151,18.9,586,1.6
Wiltshire Police,Wiltshire,12,2021,6718,15.5,8,4224,62.9,2185,32.5,309,4.6
Avon and Somerset Constabulary,Avon-and-Somerset,1,2022,21670,5.9,4,20053,92.5,1441,6.6,176,0.8
Bedfordshire Police,Bedfordshire,1,2022,9051,22.5,4,6237,68.9,1856,20.5,958,10.6
Cambridgeshire Constabulary,Cambridgeshire,1,2022,10775,12.8,8,7694,71.4,2829,26.3,252,2.3
Cheshire Constabulary,Cheshire,1,2022,11719,19.6,7,8797,75.1,1989,17,933,8
Cleveland Police,Cleveland,1,2022,8426,8.3,4,6987,82.9,1333,15.8,106,1.3
Cumbria Constabulary,Cumbria,1,2022,5269,11,7,4414,83.8,742,14.1,113,2.1
Derbyshire Constabulary,Derbyshire,1,2022,12639,10.8,8,7389,58.5,5190,41.1,60,0.5
Devon & Cornwall Police,Devon-and-Cornwall,1,2022,20093,15.8,7,15384,76.6,3721,18.5,988,4.9
Dorset Police,Dorset,1,2022,8617,14.5,8,5506,63.9,2825,32.8,286,3.3
Durham Constabulary,Durham,1,2022,7821,21.7,10,3448,44.1,3657,46.8,716,9.2
Dyfed-Powys Police,Dyfed-Powys,1,2022,3988,9.2,4,3332,83.6,567,14.2,89,2.2
Essex Police,Essex,1,2022,21859,11.6,6,17839,81.6,3313,15.2,707,3.2
Gloucestershire Constabulary,Gloucestershire,1,2022,6691,24,8,3581,53.5,2474,37,636,9.5
Greater Manchester Police,Greater-Manchester,1,2022,44068,24.9,7,30659,69.6,8000,18.2,5409,12.3
Gwent Police,Gwent,1,2022,6247,14.5,5,5129,82.1,827,13.2,291,4.7
Hampshire Constabulary,Hampshire,1,2022,20674,11,8,15736,76.1,4586,22.2,352,1.7
Hertfordshire Constabulary,Hertfordshire,1,2022,12754,14.1,7,9920,77.8,2324,18.2,510,4
Humberside Police,Humberside,1,2022,10732,16.1,12,249,2.3,10163,94.7,320,3
Kent Police,Kent,1,2022,23131,16.4,5,15955,69,5650,24.4,1526,6.6
Lancashire Constabulary,Lancashire,1,2022,20887,14.9,8,13634,65.3,6606,31.6,647,3.1
Leicestershire Police,Leicestershire,1,2022,12925,7.4,4,11707,90.6,953,7.4,265,2.1
Lincolnshire Police,Lincolnshire,1,2022,7738,5.3,3,6955,89.9,736,9.5,47,0.6
Merseyside Police,Merseyside,1,2022,21937,11.5,4,17745,80.9,3316,15.1,876,4
Metropolitan Police Service,Metropolitan,1,2022,156826,15.4,6,116238,74.1,32351,20.6,8237,5.3
Norfolk Constabulary,Norfolk,1,2022,2958,7.6,5,2533,85.6,405,13.7,20,0.7
North Wales Police,North-Wales,1,2022,7304,8.4,4,5758,78.8,1455,19.9,91,1.2
North Yorkshire Police,North-Yorkshire,1,2022,7277,25.8,10,3588,49.3,2826,38.8,863,11.9
Northamptonshire Police,Northamptonshire,1,2022,9702,6.2,4,8582,88.5,1094,11.3,26,0.3
Northumbria Police,Northumbria,1,2022,21231,30.7,9,12468,58.7,5710,26.9,3053,14.4
Nottinghamshire Police,Nottinghamshire,1,2022,15228,7.2,5,13856,91,1278,8.4,94,0.6
Police Scotland,Scotland,1,2022,49955,8.1,6,44587,89.3,4953,9.9,415,0.8
Police Service of Northern Ireland,Northern-Ireland,1,2022,15235,8.9,7,11659,76.5,3458,22.7,118,0.8
South Wales Police,South-Wales,1,2022,14073,17.3,4,10483,74.5,2351,16.7,1239,8.8
South Yorkshire Police,South-Yorkshire,1,2022,20956,19.4,12,3636,17.4,16027,76.5,1293,6.2
Staffordshire Police,Staffordshire,1,2022,14931,17.5,5,12718,85.2,1186,7.9,1027,6.9
Suffolk Constabulary,Suffolk,1,2022,8528,14.5,5,7266,85.2,845,9.9,417,4.9
Surrey Police,Surrey,1,2022,11188,10,6,9150,81.8,1852,16.6,186,1.7
Sussex Police,Sussex,1,2022,19229,9.6,8,16062,83.5,3020,15.7,147,0.8
Thames Valley Police,Thames-Valley,1,2022,25835,9.7,6,22269,86.2,3074,11.9,492,1.9
Warwickshire Police,Warwickshire,1,2022,6544,7.1,3,5317,81.3,1155,17.6,72,1.1
West Mercia Police,West-Mercia,1,2022,11863,9.9,8,9756,82.2,1990,16.8,117,1
West Midlands police,West-Midlands,1,2022,54871,19.4,6,35953,65.5,14228,25.9,4690,8.5
West Yorkshire Police,West-Yorkshire,1,2022,36687,11,7,29670,80.9,6431,17.5,586,1.6
Wiltshire Police,Wiltshire,1,2022,6198,14.5,8,4076,65.8,1876,30.3,246,4
Avon and Somerset Constabulary,Avon-and-Somerset,2,2022,21039,6.5,4,19126,90.9,1676,8,237,1.1
Bedfordshire Police,Bedfordshire,2,2022,8358,19.7,4,5881,70.4,1724,20.6,753,9
Cambridgeshire Constabulary,Cambridgeshire,2,2022,9226,13.9,8,6817,73.9,2053,22.3,356,3.9
Cheshire Constabulary,Cheshire,2,2022,10558,13.7,7,8577,81.2,1549,14.7,432,4.1
Cleveland Police,Cleveland,2,2022,7747,9.3,5,6241,80.6,1376,17.8,130,1.7
Cumbria Constabulary,Cumbria,2,2022,4723,10.7,7,3957,83.8,673,14.2,93,2
Derbyshire Constabulary,Derbyshire,2,2022,11540,9.7,8,7268,63,4225,36.6,47,0.4
Devon & Cornwall Police,Devon-and-Cornwall,2,2022,18977,19.8,7,13778,72.6,3764,19.8,1435,7.6
Dorset Police,Dorset,2,2022,8536,18.2,8,5316,62.3,2734,32,486,5.7
Durham Constabulary,Durham,2,2022,7226,24.7,10,3140,43.5,3251,45,835,11.6
Dyfed-Powys Police,Dyfed-Powys,2,2022,3954,9.8,4,3188,80.6,652,16.5,114,2.9
Essex Police,Essex,2,2022,21604,13.2,6,16618,76.9,4172,19.3,814,3.8
Gloucestershire Constabulary,Gloucestershire,2,2022,6365,29.1,11,3039,47.7,2497,39.2,829,13
Greater Manchester Police,Greater-Manchester,2,2022,39898,28.3,8,26236,65.8,7741,19.4,5921,14.8
Gwent Police,Gwent,2,2022,6387,15.2,5,5251,82.2,774,12.1,362,5.7
Hampshire Constabulary,Hampshire,2,2022,20060,12.9,8,14190,70.7,5309,26.5,561,2.8
Hertfordshire Constabulary,Hertfordshire,2,2022,12570,13.6,7,9453,75.2,2693,21.4,424,3.4
Humberside Police,Humberside,2,2022,10290,16.4,12,225,2.2,9762,94.9,303,2.9
Kent Police,Kent,2,2022,21743,14.8,5,15262,70.2,5370,24.7,1111,5.1
Lancashire Constabulary,Lancashire,2,2022,19115,10.8,8,13590,71.1,5380,28.1,145,0.8
Leicestershire Police,Leicestershire,2,2022,12648,7.7,4,11376,89.9,984,7.8,288,2.3
Lincolnshire Police,Lincolnshire,2,2022,6873,4.4,3,6436,93.6,412,6,25,0.4
Merseyside Police,Merseyside,2,2022,19997,11.6,4,16208,81.1,2955,14.8,834,4.2
Metropolitan Police Service,Metropolitan,2,2022,148818,15.9,6,107925,72.5,32895,22.1,7998,5.4
Norfolk Constabulary,Norfolk,2,2022,8114,7.5,5,6941,85.5,1114,13.7,59,0.7
North Wales Police,North-Wales,2,2022,7094,8.3,4,5603,79,1402,19.8,89,1.3
North Yorkshire Police,North-Yorkshire,2,2022,7029,31.3,15,3118,44.4,2888,41.1,1023,14.6
Northamptonshire Police,Northamptonshire,2,2022,9744,6.8,4,8291,85.1,1413,14.5,40,0.4
Northumbria Police,Northumbria,2,2022,19388,27.1,9,11655,60.1,5320,27.4,2413,12.4
Nottinghamshire Police,Nottinghamshire,2,2022,14579,7.8,5,12955,88.9,1486,10.2,138,0.9
Police Scotland,Scotland,2,2022,47975,8.7,6,42240,88,5159,10.8,576,1.2
Police Service of Northern Ireland,Northern-Ireland,2,2022,13601,9.1,7,10564,77.7,2900,21.3,137,1
South Wales Police,South-Wales,2,2022,16934,24.6,4,11948,70.6,2963,17.5,2023,11.9
South Yorkshire Police,South-Yorkshire,2,2022,20143,19.5,12,3758,18.7,15204,75.5,1181,5.9
Staffordshire Police,Staffordshire,2,2022,14746,16.3,5,12458,84.5,1330,9,958,6.5
Suffolk Constabulary,Suffolk,2,2022,8346,22.3,5,6602,79.1,998,12,746,8.9
Surrey Police,Surrey,2,2022,10709,10.4,6,8579,80.1,1934,18.1,196,1.8
Sussex Police,Sussex,2,2022,18777,10.7,8,15034,80.1,3500,18.6,243,1.3
Thames Valley Police,Thames-Valley,2,2022,24568,11,6,20559,83.7,3333,13.6,676,2.8
Warwickshire Police,Warwickshire,2,2022,6244,6.9,3,5146,82.4,1041,16.7,57,0.9
West Mercia Police,West-Mercia,2,2022,11570,12.4,8,8870,76.7,2445,21.1,255,2.2
West Midlands police,West-Midlands,2,2022,52172,20.4,6,34604,66.3,12490,23.9,5078,9.7
West Yorkshire Police,West-Yorkshire,2,2022,33560,11,7,27027,80.5,6036,18,497,1.5
Wiltshire Police,Wiltshire,2,2022,6145,15.8,8,3862,62.8,1978,32.2,305,5
Avon and Somerset Constabulary,Avon-and-Somerset,3,2022,22436,6.5,4,20318,90.6,1879,8.4,239,1.1
Bedfordshire Police,Bedfordshire,3,2022,9450,17.8,4,6659,70.5,2046,21.7,745,7.9
Cambridgeshire Constabulary,Cambridgeshire,3,2022,11194,14.9,8,7927,70.8,2799,25,468,4.2
Cheshire Constabulary,Cheshire,3,2022,11798,18.3,7,9105,77.2,1799,15.2,894,7.6
Cleveland Police,Cleveland,3,2022,8771,8,4,7307,83.3,1376,15.7,88,1
Cumbria Constabulary,Cumbria,3,2022,5197,10.1,7,4318,83.1,810,15.6,69,1.3
Derbyshire Constabulary,Derbyshire,3,2022,13088,10.2,8,7882,60.2,5155,39.4,51,0.4
Devon & Cornwall Police,Devon-and-Cornwall,3,2022,20605,26.9,8,13718,66.6,4529,22,2358,11.4
Dorset Police,Dorset,3,2022,8371,18.1,8,5338,63.8,2612,31.2,421,5
Durham Constabulary,Durham,3,2022,8177,23,10,3248,39.7,4159,50.9,770,9.4
Dyfed-Powys Police,Dyfed-Powys,3,2022,4297,9.4,4,3596,83.7,591,13.8,110,2.6
Essex Police,Essex,3,2022,23637,11.9,6,18764,79.4,4140,17.5,733,3.1
Gloucestershire Constabulary,Gloucestershire,3,2022,7336,39.7,16,2779,37.9,3198,43.6,1359,18.5
Greater Manchester Police,Greater-Manchester,3,2022,44058,29,8,28180,64,9204,20.9,6674,15.1
Gwent Police,Gwent,3,2022,4011,21.4,5,3087,77,577,14.4,347,8.7
Hampshire Constabulary,Hampshire,3,2022,22097,12.8,8,15509,70.2,5985,27.1,603,2.7
Hertfordshire Constabulary,Hertfordshire,3,2022,13273,16.1,7,9523,71.7,3131,23.6,619,4.7
Humberside Police,Humberside,3,2022,11374,16.9,12,188,1.7,10824,95.2,362,3.2
Kent Police,Kent,3,2022,22885,17.4,5,15087,65.9,6135,26.8,1663,7.3
Lancashire Constabulary,Lancashire,3,2022,22644,15.6,9,13320,58.8,8655,38.2,669,3
Leicestershire Police,Leicestershire,3,2022,13444,8.3,4,11905,88.6,1177,8.8,362,2.7
Lincolnshire Police,Lincolnshire,3,2022,8120,6.1,3,7274,89.6,756,9.3,90,1.1
Merseyside Police,Merseyside,3,2022,22258,12.3,4,16988,76.3,4351,19.5,919,4.1
Metropolitan Police Service,Metropolitan,3,2022,163153,20,7,109181,66.9,41182,25.2,12790,7.8
Norfolk Constabulary,Norfolk,3,2022,8743,8.7,5,7101,81.2,1531,17.5,111,1.3
North Wales Police,North-Wales,3,2022,7946,8.8,4,6181,77.8,1655,20.8,110,1.4
North Yorkshire Police,North-Yorkshire,3,2022,7982,39.4,25,2456,30.8,3925,49.2,1601,20.1
Northamptonshire Police,Northamptonshire,3,2022,10299,6.5,4,8903,86.4,1362,13.2,34,0.3
Northumbria Police,Northumbria,3,2022,23345,30,9,13033,55.8,6992,30,3320,14.2
Nottinghamshire Police,Nottinghamshire,3,2022,16544,9,6,14331,86.6,1993,12,220,1.3
Police Scotland,Scotland,3,2022,57925,11.5,6,45810,79.1,10662,18.4,1453,2.5
Police Service of Northern Ireland,Northern-Ireland,3,2022,16043,9.7,7,12316,76.8,3523,22,204,1.3
South Wales Police,South-Wales,3,2022,18965,25.5,4,13220,69.7,3247,17.1,2498,13.2
South Yorkshire Police,South-Yorkshire,3,2022,23217,21.5,12,4141,17.8,17348,74.7,1728,7.4
Staffordshire Police,Staffordshire,3,2022,17008,19.3,5,13961,82.1,1723,10.1,1324,7.8
Suffolk Constabulary,Suffolk,3,2022,8749,17,5,7195,82.2,1004,11.5,550,6.3
Surrey Police,Surrey,3,2022,12487,9,6,10396,83.3,1973,15.8,118,0.9
Sussex Police,Sussex,3,2022,21212,10.5,8,17250,81.3,3698,17.4,264,1.2
Thames Valley Police,Thames-Valley,3,2022,27488,12.3,6,21794,79.3,4760,17.3,934,3.4
Warwickshire Police,Warwickshire,3,2022,7382,14.2,7,5257,71.2,1793,24.3,332,4.5
West Mercia Police,West-Mercia,3,2022,13284,12.4,8,10447,78.6,2483,18.7,354,2.7
West Midlands police,West-Midlands,3,2022,55807,26.3,7,33733,60.4,14619,26.2,7455,13.4
West Yorkshire Police,West-Yorkshire,3,2022,39270,11.6,7,30690,78.2,7946,20.2,634,1.6
Wiltshire Police,Wiltshire,3,2022,6850,19.3,9,3491,51,2935,42.8,424,6.2
Avon and Somerset Constabulary,Avon-and-Somerset,4,2022,23024,6.3,4,21029,91.3,1759,7.6,236,1
Bedfordshire Police,Bedfordshire,4,2022,9447,17.6,4,6745,71.4,1995,21.1,707,7.5
Cambridgeshire Constabulary,Cambridgeshire,4,2022,11087,14.6,8,7892,71.2,2755,24.8,440,4
Cheshire Constabulary,Cheshire,4,2022,11696,11.3,7,9905,84.7,1472,12.6,319,2.7
Cleveland Police,Cleveland,4,2022,8947,7.7,4,7581,84.7,1282,14.3,84,0.9
Cumbria Constabulary,Cumbria,4,2022,5451,10.6,7,4520,82.9,848,15.6,83,1.5
Derbyshire Constabulary,Derbyshire,4,2022,13159,10,8,8227,62.5,4885,37.1,47,0.4
Devon & Cornwall Police,Devon-and-Cornwall,4,2022,22224,28.3,8,14379,64.7,5064,22.8,2781,12.5
Dorset Police,Dorset,4,2022,9841,15.2,8,6378,64.8,3084,31.3,379,3.9
Durham Constabulary,Durham,4,2022,7919,23.8,10,3046,38.5,4055,51.2,818,10.3
Dyfed-Powys Police,Dyfed-Powys,4,2022,4693,11.1,4,3740,79.7,784,16.7,169,3.6
Essex Police,Essex,4,2022,23967,11.9,6,18896,78.8,4337,18.1,734,3.1
Gloucestershire Constabulary,Gloucestershire,4,2022,6822,21.7,8,3800,55.7,2494,36.6,528,7.7
Greater Manchester Police,Greater-Manchester,4,2022,46888,18.7,7,35283,75.2,7786,16.6,3819,8.1
Gwent Police,Gwent,4,2022,7331,16.4,5,5721,78,1162,15.9,448,6.1
Hampshire Constabulary,Hampshire,4,2022,21267,12.1,8,15761,74.1,5029,23.6,477,2.2
Hertfordshire Constabulary,Hertfordshire,4,2022,13416,16.2,7,9343,69.6,3415,25.5,658,4.9
Humberside Police,Humberside,4,2022,12728,18.9,12,279,2.2,11794,92.7,655,5.1
Kent Police,Kent,4,2022,24073,16.4,5,16142,67.1,6392,26.6,1539,6.4
Lancashire Constabulary,Lancashire,4,2022,22540,13.4,8,15066,66.8,6978,31,496,2.2
Leicestershire Police,Leicestershire,4,2022,14839,9.2,4,13025,87.8,1326,8.9,488,3.3
Lincolnshire Police,Lincolnshire,4,2022,8549,6.3,3,7564,88.5,888,10.4,97,1.1
Merseyside Police,Merseyside,4,2022,22618,10.6,4,18060,79.8,3808,16.8,750,3.3
Metropolitan Police Service,Metropolitan,4,2022,160962,21.2,7,111029,69,35571,22.1,14362,8.9
Norfolk Constabulary,Norfolk,4,2022,9185,7.7,5,7716,84,1421,15.5,48,0.5
North Wales Police,North-Wales,4,2022,8609,8.9,4,6732,78.2,1742,20.2,135,1.6
North Yorkshire Police,North-Yorkshire,4,2022,7985,30.3,16,3419,42.8,3468,43.4,1098,13.8
Northamptonshire Police,Northamptonshire,4,2022,10428,6.2,4,9147,87.7,1255,12,26,0.2
Northumbria Police,Northumbria,4,2022,23298,31,9,13145,56.4,6668,28.6,3485,15
Nottinghamshire Police,Nottinghamshire,4,2022,16134,8.2,6,14306,88.7,1684,10.4,144,0.9
Police Scotland,Scotland,4,2022,57233,12.9,7,42393,74.1,12974,22.7,1866,3.3
Police Service of Northern Ireland,Northern-Ireland,4,2022,16087,9.7,7,12260,76.2,3611,22.4,216,1.3
South Wales Police,South-Wales,4,2022,19091,25.6,4,12669,66.4,3814,20,2608,13.7
South Yorkshire Police,South-Yorkshire,4,2022,22636,18.9,12,3984,17.6,17408,76.9,1244,5.5
Staffordshire Police,Staffordshire,4,2022,16832,24.2,5,13087,77.8,1919,11.4,1826,10.8
Suffolk Constabulary,Suffolk,4,2022,8763,21.7,5,6828,77.9,1126,12.8,809,9.2
Surrey Police,Surrey,4,2022,12400,8.6,6,10535,85,1768,14.3,97,0.8
Sussex Police,Sussex,4,2022,21363,11.3,8,17113,80.1,3922,18.4,328,1.5
Thames Valley Police,Thames-Valley,4,2022,26750,11.2,6,22243,83.2,3769,14.1,738,2.8
Warwickshire Police,Warwickshire,4,2022,7330,13,8,5361,73.1,1806,24.6,163,2.2
West Mercia Police,West-Mercia,4,2022,13293,12.1,8,10587,79.6,2416,18.2,290,2.2
West Midlands police,West-Midlands,4,2022,56754,31.4,7,31952,56.3,15005,26.4,9797,17.3
West Yorkshire Police,West-Yorkshire,4,2022,38413,10.8,7,30625,79.7,7396,19.3,392,1
Wiltshire Police,Wiltshire,4,2022,6546,17.2,8,4072,62.2,2098,32.1,376,5.7
Avon and Somerset Constabulary,Avon-and-Somerset,5,2022,25231,8.6,4,21808,86.4,2844,11.3,579,2.3
Bedfordshire Police,Bedfordshire,5,2022,10421,19.3,4,7418,71.2,2093,20.1,910,8.7
Cambridgeshire Constabulary,Cambridgeshire,5,2022,12061,15.9,8,8496,70.4,2974,24.7,591,4.9
Cheshire Constabulary,Cheshire,5,2022,12652,10.7,7,9839,77.8,2530,20,283,2.2
Cleveland Police,Cleveland,5,2022,9643,7.9,4,8040,83.4,1513,15.7,90,0.9
Cumbria Constabulary,Cumbria,5,2022,5915,11,7,4859,82.1,926,15.7,130,2.2
Derbyshire Constabulary,Derbyshire,5,2022,13808,10.3,8,8481,61.4,5265,38.1,62,0.4
Devon & Cornwall Police,Devon-and-Cornwall,5,2022,23328,31.3,8,14864,63.7,5191,22.3,3273,14
Dorset Police,Dorset,5,2022,10734,14.9,8,7255,67.6,3057,28.5,422,3.9
Durham Constabulary,Durham,5,2022,8623,28.8,11,2778,32.2,4618,53.6,1227,14.2
Dyfed-Powys Police,Dyfed-Powys,5,2022,4883,8.8,4,4053,83,711,14.6,119,2.4
Essex Police,Essex,5,2022,25288,12.1,6,19741,78.1,4745,18.8,802,3.2
Gloucestershire Constabulary,Gloucestershire,5,2022,7609,27.1,9,3820,50.2,2862,37.6,927,12.2
Greater Manchester Police,Greater-Manchester,5,2022,48286,25.7,8,32542,67.4,9828,20.4,5916,12.3
Gwent Police,Gwent,5,2022,7511,18.4,5,5810,77.4,1122,14.9,579,7.7
Hampshire Constabulary,Hampshire,5,2022,23512,14.4,9,15477,65.8,7145,30.4,890,3.8
Hertfordshire Constabulary,Hertfordshire,5,2022,14487,14.9,7,10559,72.9,3268,22.6,660,4.6
Humberside Police,Humberside,5,2022,12529,15.1,8,7767,62,4206,33.6,556,4.4
Kent Police,Kent,5,2022,26625,15.8,5,17626,66.2,7526,28.3,1473,5.5
Lancashire Constabulary,Lancashire,5,2022,24044,15,8,14882,61.9,8465,35.2,697,2.9
Leicestershire Police,Leicestershire,5,2022,14912,9.1,4,13098,87.8,1331,8.9,483,3.2
Lincolnshire Police,Lincolnshire,5,2022,9051,6.4,3,8061,89.1,871,9.6,119,1.3
Merseyside Police,Merseyside,5,2022,23667,12.3,4,18542,78.3,4120,17.4,1005,4.2
Metropolitan Police Service,Metropolitan,5,2022,176035,21.1,7,120910,68.7,39649,22.5,15476,8.8
Norfolk Constabulary,Norfolk,5,2022,9535,8.6,5,7817,82,1620,17,98,1
North Wales Police,North-Wales,5,2022,8866,7,4,7381,83.3,1434,16.2,51,0.6
North Yorkshire Police,North-Yorkshire,5,2022,8244,27.9,14,3689,44.7,3551,43.1,1004,12.2
Northamptonshire Police,Northamptonshire,5,2022,10963,7,4,9444,86.1,1448,13.2,71,0.6
Northumbria Police,Northumbria,5,2022,24850,30,9,14066,56.6,7178,28.9,3606,14.5
Nottinghamshire Police,Nottinghamshire,5,2022,17095,8.7,6,14930,87.3,1940,11.3,225,1.3
Police Scotland,Scotland,5,2022,60309,15,7,41192,68.3,16493,27.3,2624,4.4
Police Service of Northern Ireland,Northern-Ireland,5,2022,17126,11,7,12972,75.7,3758,21.9,396,2.3
South Wales Police,South-Wales,5,2022,19886,20.4,4,14633,73.6,3134,15.8,2119,10.7
South Yorkshire Police,South-Yorkshire,5,2022,23701,17.1,10,8942,37.7,13572,57.3,1187,5
Staffordshire Police,Staffordshire,5,2022,16624,27.4,5,12552,75.5,2053,12.3,2019,12.1
Suffolk Constabulary,Suffolk,5,2022,9483,21.9,5,7300,77,1288,13.6,895,9.4
Surrey Police,Surrey,5,2022,12880,8.1,6,11303,87.8,1506,11.7,71,0.6
Sussex Police,Sussex,5,2022,23165,11,8,18483,79.8,4384,18.9,298,1.3
Thames Valley Police,Thames-Valley,5,2022,30039,11.9,6,24355,81.1,4762,15.9,922,3.1
Warwickshire Police,Warwickshire,5,2022,7550,13.3,8,5609,74.3,1750,23.2,191,2.5
West Mercia Police,West-Mercia,5,2022,14201,12.5,8,11062,77.9,2749,19.4,390,2.7
West Midlands police,West-Midlands,5,2022,58563,36.6,9,30111,51.4,16394,28,12058,20.6
West Yorkshire Police,West-Yorkshire,5,2022,42402,12,7,32490,76.6,9189,21.7,723,1.7
Wiltshire Police,Wiltshire,5,2022,7146,16.3,8,4649,65.1,2120,29.7,377,5.3
Avon and Somerset Constabulary,Avon-and-Somerset,6,2022,24821,7.6,4,21752,87.6,2672,10.8,397,1.6
Bedfordshire Police,Bedfordshire,6,2022,9713,21.8,4,6492,66.8,2259,23.3,962,9.9
Cambridgeshire Constabulary,Cambridgeshire,6,2022,12042,12.4,5,9649,80.1,1860,15.4,533,4.4
Cheshire Constabulary,Cheshire,6,2022,12412,11.1,6,10302,83,1741,14,369,3
Cleveland Police,Cleveland,6,2022,9363,9.7,5,7185,76.7,2048,21.9,130,1.4
Cumbria Constabulary,Cumbria,6,2022,5903,10.8,7,4801,81.3,1005,17,97,1.6
Derbyshire Constabulary,Derbyshire,6,2022,14042,11.4,9,7904,56.3,6035,43,103,0.7
Devon & Cornwall Police,Devon-and-Cornwall,6,2022,23358,30.5,8,14737,63.1,5459,23.4,3162,13.5
Dorset Police,Dorset,6,2022,10558,15.8,8,6679,63.3,3398,32.2,481,4.6
Durham Constabulary,Durham,6,2022,8446,23.5,10,3148,37.3,4432,52.5,866,10.3
Dyfed-Powys Police,Dyfed-Powys,6,2022,4846,8.1,4,4127,85.2,621,12.8,98,2
Essex Police,Essex,6,2022,25606,11.7,6,20321,79.4,4548,17.8,737,2.9
Gloucestershire Constabulary,Gloucestershire,6,2022,7471,27.7,9,3736,50,2838,38,897,12
Greater Manchester Police,Greater-Manchester,6,2022,46914,26.3,8,30171,64.3,10513,22.4,6230,13.3
Gwent Police,Gwent,6,2022,7719,20.3,6,5699,73.8,1361,17.6,659,8.5
Hampshire Constabulary,Hampshire,6,2022,23869,15.8,9,14625,61.3,8134,34.1,1110,4.7
Hertfordshire Constabulary,Hertfordshire,6,2022,15265,16.3,4,10315,67.6,3891,25.5,1059,6.9
Humberside Police,Humberside,6,2022,13279,12.4,5,10220,77,2582,19.4,477,3.6
Kent Police,Kent,6,2022,26170,18.9,5,16637,63.6,7411,28.3,2122,8.1
Lancashire Constabulary,Lancashire,6,2022,24529,20.7,9,13003,53,9847,40.1,1679,6.8
Leicestershire Police,Leicestershire,6,2022,12081,10.8,4,10355,85.7,1224,10.1,502,4.2
Lincolnshire Police,Lincolnshire,6,2022,8881,7.1,3,7700,86.7,1037,11.7,144,1.6
Merseyside Police,Merseyside,6,2022,22505,11.1,4,17771,79,3915,17.4,819,3.6
Metropolitan Police Service,Metropolitan,6,2022,165617,31.1,7,97996,59.2,44531,26.9,23090,13.9
Norfolk Constabulary,Norfolk,6,2022,10103,10,5,7827,77.5,2119,21,157,1.6
North Wales Police,North-Wales,6,2022,8678,7.2,4,7145,82.3,1488,17.1,45,0.5
North Yorkshire Police,North-Yorkshire,6,2022,9024,35.4,23,2890,32,4539,50.3,1595,17.7
Northamptonshire Police,Northamptonshire,6,2022,11180,7.9,4,9023,80.7,2077,18.6,80,0.7
Northumbria Police,Northumbria,6,2022,25026,27.6,9,14188,56.7,7595,30.3,3243,13
Nottinghamshire Police,Nottinghamshire,6,2022,16990,8.8,6,14760,86.9,2012,11.8,218,1.3
Police Scotland,Scotland,6,2022,60039,14.3,7,42882,71.4,14570,24.3,2587,4.3
Police Service of Northern Ireland,Northern-Ireland,6,2022,17538,9.8,7,13628,77.7,3632,20.7,278,1.6
South Wales Police,South-Wales,6,2022,19105,18,4,14108,73.8,3255,17,1742,9.1
South Yorkshire Police,South-Yorkshire,6,2022,23279,13.7,6,16910,72.6,5306,22.8,1063,4.6
Staffordshire Police,Staffordshire,6,2022,17045,25.3,5,13237,77.7,1973,11.6,1835,10.8
Suffolk Constabulary,Suffolk,6,2022,10308,24,5,7655,74.3,1611,15.6,1042,10.1
Surrey Police,Surrey,6,2022,13656,9.6,6,11360,83.2,2116,15.5,180,1.3
Sussex Police,Sussex,6,2022,23867,11.2,8,18660,78.2,4914,20.6,293,1.2
Thames Valley Police,Thames-Valley,6,2022,29782,14.3,6,22617,75.9,5726,19.2,1439,4.8
Warwickshire Police,Warwickshire,6,2022,8316,13.3,8,5863,70.5,2292,27.6,161,1.9
West Mercia Police,West-Mercia,6,2022,14145,13.6,8,10772,76.2,2888,20.4,485,3.4
West Midlands police,West-Midlands,6,2022,59347,36.2,7,33829,57,13744,23.2,11774,19.8
West Yorkshire Police,West-Yorkshire,6,2022,27977,12.2,7,19209,75.1,5896,23,479,1.9
Wiltshire Police,Wiltshire,6,2022,7240,17.8,8,4565,63.1,2240,30.9,435,6
Avon and Somerset Constabulary,Avon-and-Somerset,7,2022,27748,10.8,4,23013,82.9,3720,13.4,1015,3.7
Bedfordshire Police,Bedfordshire,7,2022,10996,30.3,4,7036,64,2348,21.4,1612,14.7
Cambridgeshire Constabulary,Cambridgeshire,7,2022,13018,15.3,4,10139,77.9,2015,15.5,864,6.6
Cheshire Constabulary,Cheshire,7,2022,13680,12.2,8,10275,75.1,3045,22.3,360,2.6
Cleveland Police,Cleveland,7,2022,10228,9.3,5,7919,77.4,2189,21.4,120,1.2
Cumbria Constabulary,Cumbria,7,2022,6664,11.8,7,4987,74.8,1557,23.4,120,1.8
Derbyshire Constabulary,Derbyshire,7,2022,15322,13.7,10,7421,48.4,7592,49.5,309,2
Devon & Cornwall Police,Devon-and-Cornwall,7,2022,24996,35.8,8,14911,59.7,5994,24,4091,16.4
Dorset Police,Dorset,7,2022,10821,23.1,9,6528,60.3,3444,31.8,849,7.8
Durham Constabulary,Durham,7,2022,9214,16.6,9,5206,56.5,3513,38.1,495,5.4
Dyfed-Powys Police,Dyfed-Powys,7,2022,5520,10.4,4,4464,80.9,868,15.7,188,3.4
Essex Police,Essex,7,2022,29273,11.4,6,23052,78.7,5483,18.7,738,2.5
Gloucestershire Constabulary,Gloucestershire,7,2022,8442,38.1,14,3408,40.4,3445,40.8,1589,18.8
Greater Manchester Police,Greater-Manchester,7,2022,51054,15.3,7,39350,77.1,8857,17.3,2847,5.6
Gwent Police,Gwent,7,2022,9271,23.5,6,6743,72.7,1591,17.2,937,10.1
Hampshire Constabulary,Hampshire,7,2022,26788,22.1,9,14458,54,9996,37.3,2334,8.7
Hertfordshire Constabulary,Hertfordshire,7,2022,16381,16.7,4,10823,66.1,4393,26.8,1165,7.1
Humberside Police,Humberside,7,2022,14290,12.6,5,10766,75.3,2968,20.8,556,3.9
Kent Police,Kent,7,2022,27833,20.1,5,18169,65.3,7250,26,2414,8.7
Lancashire Constabulary,Lancashire,7,2022,26444,21.6,10,12137,45.9,12381,46.8,1926,7.3
Leicestershire Police,Leicestershire,7,2022,15747,11.9,4,13246,84.1,1753,11.1,748,4.8
Lincolnshire Police,Lincolnshire,7,2022,10377,9.1,3,8348,80.4,1773,17.1,256,2.5
Merseyside Police,Merseyside,7,2022,24849,15.3,4,17791,71.6,5530,22.3,1528,6.1
Metropolitan Police Service,Metropolitan,7,2022,175781,37.9,8,99559,56.6,47924,27.3,28298,16.1
Norfolk Constabulary,Norfolk,7,2022,11677,10.9,5,8765,75.1,2647,22.7,265,2.3
North Wales Police,North-Wales,7,2022,10341,8.1,5,7972,77.1,2282,22.1,87,0.8
North Yorkshire Police,North-Yorkshire,7,2022,9446,27.8,17,3769,39.9,4624,49,1053,11.1
Northamptonshire Police,Northamptonshire,7,2022,11817,8.2,4,9520,80.6,2205,18.7,92,0.8
Northumbria Police,Northumbria,7,2022,26450,25.6,9,14902,56.3,8551,32.3,2997,11.3
Nottinghamshire Police,Nottinghamshire,7,2022,18577,8.8,6,16162,87,2170,11.7,245,1.3
Police Scotland,Scotland,7,2022,62711,10.7,6,50137,79.9,11012,17.6,1562,2.5
Police Service of Northern Ireland,Northern-Ireland,7,2022,18489,9.2,7,14325,77.5,4007,21.7,157,0.8
South Wales Police,South-Wales,7,2022,22310,25.9,4,14615,65.5,4552,20.4,3143,14.1
South Yorkshire Police,South-Yorkshire,7,2022,25191,14.8,6,17674,70.2,6165,24.5,1352,5.4
Staffordshire Police,Staffordshire,7,2022,17075,37.1,5,12232,71.6,2105,12.3,2738,16
Suffolk Constabulary,Suffolk,7,2022,10841,24.5,5,8040,74.2,1694,15.6,1107,10.2
Surrey Police,Surrey,7,2022,14866,13.3,7,11038,74.2,3350,22.5,478,3.2
Sussex Police,Sussex,7,2022,28070,15.4,8,19955,71.1,6845,24.4,1270,4.5
Thames Valley Police,Thames-Valley,7,2022,32828,16.4,7,23716,72.2,7111,21.7,2001,6.1
Warwickshire Police,Warwickshire,7,2022,8878,13.7,8,6132,69.1,2540,28.6,206,2.3
West Mercia Police,West-Mercia,7,2022,15345,15,8,11307,73.7,3390,22.1,648,4.2
West Midlands police,West-Midlands,7,2022,62096,34.1,7,38577,62.1,12467,20.1,11052,17.8
West Yorkshire Police,West-Yorkshire,7,2022,45503,13.8,8,32344,71.1,11972,26.3,1187,2.6
Wiltshire Police,Wiltshire,7,2022,8210,17.6,9,4795,58.4,2946,35.9,469,5.7
Avon and Somerset Constabulary,Avon-and-Somerset,8,2022,28215,8.1,4,24472,86.7,3193,11.3,550,1.9
Bedfordshire Police,Bedfordshire,8,2022,10380,29.6,5,6603,63.6,2245,21.6,1532,14.8
Cambridgeshire Constabulary,Cambridgeshire,8,2022,13001,11.9,4,10501,80.8,1924,14.8,576,4.4
Cheshire Constabulary,Cheshire,8,2022,13773,13.1,7,10747,78,2586,18.8,440,3.2
Cleveland Police,Cleveland,8,2022,10419,9.8,5,8150,78.2,2081,20,188,1.8
Cumbria Constabulary,Cumbria,8,2022,6577,10.3,6,5354,81.4,1124,17.1,99,1.5
Derbyshire Constabulary,Derbyshire,8,2022,14677,11.5,9,8276,56.4,6274,42.7,127,0.9
Devon & Cornwall Police,Devon-and-Cornwall,8,2022,25681,33.3,8,15234,59.3,6502,25.3,3945,15.4
Dorset Police,Dorset,8,2022,11422,24.7,9,6679,58.5,3760,32.9,983,8.6
Durham Constabulary,Durham,8,2022,8917,15.5,8,6251,70.1,2189,24.5,477,5.3
Dyfed-Powys Police,Dyfed-Powys,8,2022,5903,11.5,4,4727,80.1,958,16.2,218,3.7
Essex Police,Essex,8,2022,27861,12,6,21772,78.1,5242,18.8,847,3
Gloucestershire Constabulary,Gloucestershire,8,2022,8898,37.9,14,3579,40.2,3660,41.1,1659,18.6
Greater Manchester Police,Greater-Manchester,8,2022,52904,12.9,7,42741,80.8,8098,15.3,2065,3.9
Gwent Police,Gwent,8,2022,9301,19.7,5,7113,76.5,1453,15.6,735,7.9
Hampshire Constabulary,Hampshire,8,2022,27398,23.2,9,14177,51.7,10609,38.7,2612,9.5
Hertfordshire Constabulary,Hertfordshire,8,2022,15258,9.6,4,12619,82.7,2273,14.9,366,2.4
Humberside Police,Humberside,8,2022,14112,11.7,5,10922,77.4,2711,19.2,479,3.4
Kent Police,Kent,8,2022,28263,16.4,5,19429,68.7,7062,25,1772,6.3
Lancashire Constabulary,Lancashire,8,2022,26652,27.8,13,9794,36.7,13778,51.7,3080,11.6
Leicestershire Police,Leicestershire,8,2022,17308,13,4,14496,83.8,1882,10.9,930,5.4
Lincolnshire Police,Lincolnshire,8,2022,10461,9.1,3,8590,82.1,1605,15.3,266,2.5
Merseyside Police,Merseyside,8,2022,25193,16.3,5,17877,71,5627,22.3,1689,6.7
Metropolitan Police Service,Metropolitan,8,2022,170389,31,7,104442,61.3,43191,25.3,22756,13.4
Norfolk Constabulary,Norfolk,8,2022,11518,11.2,5,8599,74.7,2629,22.8,290,2.5
North Wales Police,North-Wales,8,2022,10516,8.6,5,8036,76.4,2372,22.6,108,1
North Yorkshire Police,North-Yorkshire,8,2022,9939,25.7,14,4336,43.6,4607,46.4,996,10
Northamptonshire Police,Northamptonshire,8,2022,11820,9.5,4,9162,77.5,2516,21.3,142,1.2
Northumbria Police,Northumbria,8,2022,25706,20.3,9,15450,60.1,8219,32,2037,7.9
Nottinghamshire Police,Nottinghamshire,8,2022,18539,9.8,6,15494,83.6,2717,14.7,328,1.8
Police Scotland,Scotland,8,2022,62835,12.3,6,48220,76.7,12364,19.7,2251,3.6
Police Service of Northern Ireland,Northern-Ireland,8,2022,18711,9.7,7,14138,75.6,4330,23.1,243,1.3
South Wales Police,South-Wales,8,2022,22317,16.4,4,16144,72.3,4354,19.5,1819,8.2
South Yorkshire Police,South-Yorkshire,8,2022,24163,12.6,5,18090,74.9,5134,21.2,939,3.9
Staffordshire Police,Staffordshire,8,2022,17595,37,5,12354,70.2,2323,13.2,2918,16.6
Suffolk Constabulary,Suffolk,8,2022,11049,27.9,5,8028,72.7,1715,15.5,1306,11.8
Surrey Police,Surrey,8,2022,14208,10.1,6,11524,81.1,2474,17.4,210,1.5
Sussex Police,Sussex,8,2022,27287,16.8,8,18613,68.2,7317,26.8,1357,5
Thames Valley Police,Thames-Valley,8,2022,32905,14.4,6,25124,76.4,6162,18.7,1619,4.9
Warwickshire Police,Warwickshire,8,2022,9208,13.9,8,6533,70.9,2409,26.2,266,2.9
West Mercia Police,West-Mercia,8,2022,14311,19.6,9,9038,63.2,4203,29.4,1070,7.5
West Midlands police,West-Midlands,8,2022,62499,34,7,38802,62.1,12932,20.7,10765,17.2
West Yorkshire Police,West-Yorkshire,8,2022,45048,12.4,7,33307,73.9,10974,24.4,767,1.7
Wiltshire Police,Wiltshire,8,2022,8030,16.7,9,4821,60,2758,34.3,451,5.6
Avon and Somerset Constabulary,Avon-and-Somerset,9,2022,24773,6.9,4,22275,89.9,2176,8.8,322,1.3
Bedfordshire Police,Bedfordshire,9,2022,10349,30.6,4,6700,64.7,2107,20.4,1542,14.9
Cambridgeshire Constabulary,Cambridgeshire,9,2022,11617,11.1,4,9417,81.1,1785,15.4,415,3.6
Cheshire Constabulary,Cheshire,9,2022,11808,11.6,7,9450,80,2060,17.4,298,2.5
Cleveland Police,Cleveland,9,2022,8961,8.4,4,7430,82.9,1416,15.8,115,1.3
Cumbria Constabulary,Cumbria,9,2022,5655,9,6,4837,85.5,762,13.5,56,1
Derbyshire Constabulary,Derbyshire,9,2022,12974,12.4,9,7288,56.2,5484,42.3,202,1.6
Devon & Cornwall Police,Devon-and-Cornwall,9,2022,21437,23.1,7,14575,68,4853,22.6,2009,9.4
Dorset Police,Dorset,9,2022,7745,20.4,8,4985,64.4,2196,28.4,564,7.3
Durham Constabulary,Durham,9,2022,7497,13.8,8,5650,75.4,1529,20.4,318,4.2
Dyfed-Powys Police,Dyfed-Powys,9,2022,4548,8.1,4,3812,83.8,660,14.5,76,1.7
Essex Police,Essex,9,2022,24762,9.6,6,20992,84.8,3356,13.6,414,1.7
Gloucestershire Constabulary,Gloucestershire,9,2022,7669,32.6,12,3313,43.2,3135,40.9,1221,15.9
Greater Manchester Police,Greater-Manchester,9,2022,47419,11,6,40020,84.4,5768,12.2,1631,3.4
Gwent Police,Gwent,9,2022,8143,19.4,5,6268,77,1214,14.9,661,8.1
Hampshire Constabulary,Hampshire,9,2022,23328,16.1,9,14551,62.4,7679,32.9,1098,4.7
Hertfordshire Constabulary,Hertfordshire,9,2022,13450,8.1,4,11463,85.2,1793,13.3,194,1.4
Humberside Police,Humberside,9,2022,12175,10.4,5,9817,80.6,2045,16.8,313,2.6
Kent Police,Kent,9,2022,24478,18.4,5,16344,66.8,6091,24.9,2043,8.3
Lancashire Constabulary,Lancashire,9,2022,23614,24.8,11,9905,41.9,11425,48.4,2284,9.7
Leicestershire Police,Leicestershire,9,2022,15099,11.5,4,12988,86,1445,9.6,666,4.4
Lincolnshire Police,Lincolnshire,9,2022,8662,7.3,3,7616,87.9,869,10,177,2
Merseyside Police,Merseyside,9,2022,22317,14.2,4,16419,73.6,4672,20.9,1226,5.5
Metropolitan Police Service,Metropolitan,9,2022,170392,21.7,7,117126,68.7,37951,22.3,15315,9
Norfolk Constabulary,Norfolk,9,2022,9984,11.2,5,7591,76,2117,21.2,276,2.8
North Wales Police,North-Wales,9,2022,8549,8,4,6677,78.1,1816,21.2,56,0.7
North Yorkshire Police,North-Yorkshire,9,2022,8391,24.3,12,3811,45.4,3838,45.7,742,8.8
Northamptonshire Police,Northamptonshire,9,2022,10495,9.3,5,7890,75.2,2497,23.8,108,1
Northumbria Police,Northumbria,9,2022,23724,21.6,9,14158,59.7,7384,31.1,2182,9.2
Nottinghamshire Police,Nottinghamshire,9,2022,15897,9.2,6,13743,86.5,1889,11.9,265,1.7
Police Scotland,Scotland,9,2022,58259,11.6,6,45854,78.7,10444,17.9,1961,3.4
Police Service of Northern Ireland,Northern-Ireland,9,2022,15775,8.7,7,12389,78.5,3286,20.8,100,0.6
South Wales Police,South-Wales,9,2022,19138,15.2,4,14360,75,3386,17.7,1392,7.3
South Yorkshire Police,South-Yorkshire,9,2022,23156,12.3,5,17826,77,4413,19.1,917,4
Staffordshire Police,Staffordshire,9,2022,16193,28.5,5,12139,75,1964,12.1,2090,12.9
Suffolk Constabulary,Suffolk,9,2022,9403,18.5,5,7403,78.7,1261,13.4,739,7.9
Surrey Police,Surrey,9,2022,12761,12.5,7,10152,79.6,2211,17.3,398,3.1
Sussex Police,Sussex,9,2022,23419,16.4,8,16095,68.7,6158,26.3,1166,5
Thames Valley Police,Thames-Valley,9,2022,28121,12.3,6,22632,80.5,4514,16.1,975,3.5
Warwickshire Police,Warwickshire,9,2022,7915,12.9,8,5925,74.9,1812,22.9,178,2.2
West Mercia Police,West-Mercia,9,2022,14293,14.1,8,10683,74.7,3069,21.5,541,3.8
West Midlands police,West-Midlands,9,2022,58853,26.8,6,39605,67.3,11050,18.8,8198,13.9
West Yorkshire Police,West-Yorkshire,9,2022,40054,11.8,7,30973,77.3,8303,20.7,778,1.9
Wiltshire Police,Wiltshire,9,2022,7038,19.3,8,4532,64.4,1997,28.4,509,7.2
Avon and Somerset Constabulary,Avon-and-Somerset,10,2022,26906,8.9,4,23332,86.7,2957,10.9,617,2.2
Bedfordshire Police,Bedfordshire,10,2022,10670,44.7,5,5978,56,2085,19.5,2607,24.4
Cambridgeshire Constabulary,Cambridgeshire,10,2022,12049,11.5,4,9627,79.8,1964,16.3,458,3.8
Cheshire Constabulary,Cheshire,10,2022,12838,12.6,7,9926,77.3,2516,19.5,396,3
Cleveland Police,Cleveland,10,2022,9936,8.3,4,8220,82.7,1588,15.9,128,1.2
Cumbria Constabulary,Cumbria,10,2022,5805,9.2,6,4892,84.2,863,14.8,50,0.8
Derbyshire Constabulary,Derbyshire,10,2022,14383,10.5,8,8796,61.1,5487,38.1,100,0.6
Devon & Cornwall Police,Devon-and-Cornwall,10,2022,19586,31.7,8,12095,61.7,4603,23.5,2888,14.7
Dorset Police,Dorset,10,2022,10510,18.6,8,6712,63.8,3145,29.9,653,6.2
Durham Constabulary,Durham,10,2022,8186,15.9,8,5779,70.5,1942,23.7,465,5.6
Dyfed-Powys Police,Dyfed-Powys,10,2022,4952,9.1,4,4054,81.8,786,15.8,112,2.2
Essex Police,Essex,10,2022,27117,11.7,6,21495,79.2,4876,17.9,746,2.7
Gloucestershire Constabulary,Gloucestershire,10,2022,8040,31.7,11,3851,47.8,2961,36.8,1228,15.2
Greater Manchester Police,Greater-Manchester,10,2022,50629,11.2,4,43008,84.9,5447,10.7,2174,4.2
Gwent Police,Gwent,10,2022,8131,24.4,5,6185,76,1131,13.9,815,10
Hampshire Constabulary,Hampshire,10,2022,24662,18.9,9,13817,56,9217,37.3,1628,6.6
Hertfordshire Constabulary,Hertfordshire,10,2022,15006,9.1,4,12466,83,2245,14.9,295,1.9
Humberside Police,Humberside,10,2022,12480,8.8,5,10550,84.5,1712,13.7,218,1.7
Kent Police,Kent,10,2022,25608,22.7,6,16007,62.5,6626,25.8,2975,11.6
Lancashire Constabulary,Lancashire,10,2022,24894,21.9,10,11655,46.8,11309,45.4,1930,7.7
Leicestershire Police,Leicestershire,10,2022,17102,14.5,4,14112,82.5,1932,11.2,1058,6.1
Lincolnshire Police,Lincolnshire,10,2022,9161,8.5,3,7782,84.9,1143,12.4,236,2.5
Merseyside Police,Merseyside,10,2022,24853,21.9,5,16132,64.9,6058,24.3,2663,10.7
Metropolitan Police Service,Metropolitan,10,2022,182830,28.8,7,113569,62.1,46126,25.2,23135,12.6
Norfolk Constabulary,Norfolk,10,2022,10692,11.2,5,8093,75.6,2318,21.6,281,2.6
North Wales Police,North-Wales,10,2022,8917,8.3,4,6948,77.9,1881,21,88,0.9
North Yorkshire Police,North-Yorkshire,10,2022,8547,24.3,13,3814,44.6,3950,46.2,783,9.1
Northamptonshire Police,Northamptonshire,10,2022,11608,10.2,5,8464,72.9,2966,25.5,178,1.5
Northumbria Police,Northumbria,10,2022,25465,18.6,9,16112,63.2,7523,29.5,1830,7.1
Nottinghamshire Police,Nottinghamshire,10,2022,17536,9.8,6,14825,84.5,2383,13.5,328,1.8
Police Scotland,Scotland,10,2022,58007,11.6,6,45468,78.3,10789,18.5,1750,3
Police Service of Northern Ireland,Northern-Ireland,10,2022,16610,8.4,7,13148,79.1,3371,20.2,91,0.5
South Wales Police,South-Wales,10,2022,19804,15.4,4,14594,73.6,3780,19,1430,7.2
South Yorkshire Police,South-Yorkshire,10,2022,24296,11.6,5,19144,78.7,4260,17.5,892,3.6
Staffordshire Police,Staffordshire,10,2022,17796,20.2,5,14038,78.8,2219,12.4,1539,8.6
Suffolk Constabulary,Suffolk,10,2022,10128,26.4,5,7397,73,1542,15.2,1189,11.7
Surrey Police,Surrey,10,2022,13394,12.5,7,10369,77.4,2642,19.7,383,2.8
Sussex Police,Sussex,10,2022,24171,20,8,15471,64,6877,28.4,1823,7.5
Thames Valley Police,Thames-Valley,10,2022,30447,13.3,6,23632,77.6,5563,18.2,1252,4.1
Warwickshire Police,Warwickshire,10,2022,8199,11.5,8,6345,77.3,1739,21.2,115,1.4
West Mercia Police,West-Mercia,10,2022,14849,13.9,8,11046,74.3,3281,22,522,3.5
West Midlands police,West-Midlands,10,2022,64236,25.5,6,42789,66.6,13164,20.4,8283,12.8
West Yorkshire Police,West-Yorkshire,10,2022,43334,9.3,4,36075,83.2,6335,14.6,924,2.1
Wiltshire Police,Wiltshire,10,2022,7528,17.8,8,4679,62.1,2433,32.3,416,5.5
Avon and Somerset Constabulary,Avon-and-Somerset,11,2022,24978,6.9,4,22468,90,2217,8.9,293,1.2
Bedfordshire Police,Bedfordshire,11,2022,10233,38.6,5,6286,61.4,1785,17.4,2162,21.1
Cambridgeshire Constabulary,Cambridgeshire,11,2022,11621,10.2,4,9652,83.1,1613,13.9,356,3.1
Cheshire Constabulary,Cheshire,11,2022,12138,13.3,8,8726,71.9,3001,24.7,411,3.4
Cleveland Police,Cleveland,11,2022,9072,6.5,4,7991,88.1,1022,11.3,59,0.7
Cumbria Constabulary,Cumbria,11,2022,5383,8.4,6,4681,87,670,12.4,32,0.6
Derbyshire Constabulary,Derbyshire,11,2022,13440,9.6,7,8881,66.1,4492,33.4,67,0.5
Devon & Cornwall Police,Devon-and-Cornwall,11,2022,20841,32.5,8,13103,62.9,4709,22.6,3029,14.5
Dorset Police,Dorset,11,2022,9892,13.1,8,7037,71.1,2600,26.3,255,2.6
Durham Constabulary,Durham,11,2022,7661,13,8,5904,77.1,1484,19.4,273,3.6
Dyfed-Powys Police,Dyfed-Powys,11,2022,4607,8.3,4,3872,84,655,14.2,80,1.7
Essex Police,Essex,11,2022,25874,13.7,6,19732,76.3,4988,19.3,1154,4.5
Gloucestershire Constabulary,Gloucestershire,11,2022,7217,32.1,10,3562,49.4,2541,35.2,1114,15.4
Greater Manchester Police,Greater-Manchester,11,2022,47950,12.2,4,40030,83.5,5399,11.3,2521,5.3
Gwent Police,Gwent,11,2022,7449,18.2,6,5755,77.3,1161,15.6,533,7.2
Hampshire Constabulary,Hampshire,11,2022,23214,16.8,9,13715,59.1,8285,35.7,1214,5.2
Hertfordshire Constabulary,Hertfordshire,11,2022,14342,8.3,4,12166,84.8,2002,14,174,1.2
Humberside Police,Humberside,11,2022,11952,8.7,4,10043,84,1734,14.5,175,1.5
Kent Police,Kent,11,2022,24706,19.6,5,16895,68.4,5382,21.8,2429,9.8
Lancashire Constabulary,Lancashire,11,2022,22508,15.4,8,14355,63.8,7281,32.3,872,3.9
Leicestershire Police,Leicestershire,11,2022,16283,13.9,4,13656,83.9,1680,10.3,947,5.8
Lincolnshire Police,Lincolnshire,11,2022,8565,8.7,3,7291,85.1,1028,12,246,2.9
Merseyside Police,Merseyside,11,2022,22794,18.8,5,15557,68.3,5193,22.8,2044,9
Metropolitan Police Service,Metropolitan,11,2022,178325,23.6,7,120939,67.8,39037,21.9,18349,10.3
Norfolk Constabulary,Norfolk,11,2022,9916,12,5,7274,73.4,2346,23.7,296,3
North Wales Police,North-Wales,11,2022,7795,6.7,4,6591,84.6,1173,15,31,0.4
North Yorkshire Police,North-Yorkshire,11,2022,8409,17.1,8,5357,63.7,2619,31.1,433,5.1
Northamptonshire Police,Northamptonshire,11,2022,10483,8.3,4,8580,81.8,1806,17.2,97,0.9
Northumbria Police,Northumbria,11,2022,23529,16.8,9,15601,66.3,6608,28.1,1320,5.6
Nottinghamshire Police,Nottinghamshire,11,2022,15930,8.7,6,13931,87.5,1796,11.3,203,1.3
Police Scotland,Scotland,11,2022,56639,12.2,6,43875,77.5,10739,19,2025,3.6
Police Service of Northern Ireland,Northern-Ireland,11,2022,16279,8.6,7,12866,79,3311,20.3,102,0.6
South Wales Police,South-Wales,11,2022,18309,13.6,4,14180,77.4,2976,16.3,1153,6.3
South Yorkshire Police,South-Yorkshire,11,2022,22356,9.2,5,18614,83.3,3324,14.9,418,1.9
Staffordshire Police,Staffordshire,11,2022,16286,15.4,5,13358,82,1921,11.8,1007,6.2
Suffolk Constabulary,Suffolk,11,2022,9172,20.4,5,7284,79.4,1099,12,789,8.6
Surrey Police,Surrey,11,2022,13281,10.5,7,10157,76.5,2910,21.9,214,1.6
Sussex Police,Sussex,11,2022,22556,14.8,8,15978,70.8,5685,25.2,893,4
Thames Valley Police,Thames-Valley,11,2022,28782,10.8,6,23772,82.6,4353,15.1,657,2.3
Warwickshire Police,Warwickshire,11,2022,7616,11.9,8,5777,75.9,1725,22.6,114,1.5
West Mercia Police,West-Mercia,11,2022,13819,11.9,8,10608,76.8,2920,21.1,291,2.1
West Midlands police,West-Midlands,11,2022,60849,25.4,6,41609,68.4,11432,18.8,7808,12.8
West Yorkshire Police,West-Yorkshire,11,2022,39177,10.6,4,32862,83.9,5215,13.3,1100,2.8
Wiltshire Police,Wiltshire,11,2022,7364,13.3,8,5381,73.1,1753,23.8,230,3.1
Avon and Somerset Constabulary,Avon-and-Somerset,12,2022,25333,8.8,4,21957,86.7,2759,10.9,617,2.4
Bedfordshire Police,Bedfordshire,12,2022,9796,41.6,5,6111,62.3,1639,16.7,2046,20.8
Cambridgeshire Constabulary,Cambridgeshire,12,2022,12072,10.8,4,9999,82.8,1673,13.9,400,3.3
Cheshire Constabulary,Cheshire,12,2022,12623,10.9,5,10648,84.4,1557,12.3,418,3.3
Cleveland Police,Cleveland,12,2022,8791,6.1,4,7835,89.1,909,10.3,47,0.5
Cumbria Constabulary,Cumbria,12,2022,5683,8.1,6,5023,88.4,622,10.9,38,0.7
Derbyshire Constabulary,Derbyshire,12,2022,13779,9.2,7,9210,66.8,4522,32.8,47,0.3
Devon & Cornwall Police,Devon-and-Cornwall,12,2022,21490,20.5,7,15319,71.3,4538,21.1,1633,7.6
Dorset Police,Dorset,12,2022,9891,12.2,8,7010,70.9,2654,26.8,227,2.3
Durham Constabulary,Durham,12,2022,7795,18.4,8,5657,72.6,1598,20.5,540,6.9
Dyfed-Powys Police,Dyfed-Powys,12,2022,4877,9.1,4,3995,81.9,769,15.8,113,2.3
Essex Police,Essex,12,2022,26222,11.9,6,21112,80.5,4200,16,910,3.5
Gloucestershire Constabulary,Gloucestershire,12,2022,7468,16.6,7,5123,68.6,1927,25.8,418,5.6
Greater Manchester Police,Greater-Manchester,12,2022,46639,9.1,4,40697,87.3,4605,9.9,1337,2.9
Gwent Police,Gwent,12,2022,7750,15.1,6,5872,75.8,1426,18.4,452,5.8
Hampshire Constabulary,Hampshire,12,2022,22765,18.1,8,14637,64.3,6625,29.1,1503,6.6
Hertfordshire Constabulary,Hertfordshire,12,2022,15107,10.5,5,11982,79.3,2776,18.4,349,2.3
Humberside Police,Humberside,12,2022,11822,7.6,4,10370,87.7,1306,11,146,1.2
Kent Police,Kent,12,2022,25221,15.8,5,18938,75.1,4556,18.1,1727,6.8
Lancashire Constabulary,Lancashire,12,2022,22630,11.3,8,17691,78.2,4569,20.2,370,1.6
Leicestershire Police,Leicestershire,12,2022,15361,10.9,4,13349,86.9,1448,9.4,564,3.7
Lincolnshire Police,Lincolnshire,12,2022,8670,8,3,7451,85.9,1022,11.8,197,2.3
Merseyside Police,Merseyside,12,2022,22591,14.8,5,17207,76.2,4025,17.8,1359,6
Metropolitan Police Service,Metropolitan,12,2022,172558,22.6,7,124180,72,32591,18.9,15787,9.1
Norfolk Constabulary,Norfolk,12,2022,9661,8.8,5,7864,81.4,1675,17.3,122,1.3
North Wales Police,North-Wales,12,2022,8314,7.4,4,6683,80.4,1577,19,54,0.6
North Yorkshire Police,North-Yorkshire,12,2022,8654,17.8,8,5599,64.7,2562,29.6,493,5.7
Northamptonshire Police,Northamptonshire,12,2022,10673,7.1,4,9171,85.9,1448,13.6,54,0.5
Northumbria Police,Northumbria,12,2022,21846,12.3,9,15499,70.9,5830,26.7,517,2.4
Nottinghamshire Police,Nottinghamshire,12,2022,16360,8.4,6,14398,88,1759,10.7,203,1.2
Police Scotland,Scotland,12,2022,59944,10.2,6,50273,83.9,8149,13.6,1522,2.5
Police Service of Northern Ireland,Northern-Ireland,12,2022,17500,8.4,7,13867,79.2,3555,20.3,78,0.4
South Wales Police,South-Wales,12,2022,18932,12.4,4,14660,77.4,3296,17.4,976,5.2
South Yorkshire Police,South-Yorkshire,12,2022,21331,8.4,5,18260,85.6,2756,12.9,315,1.5
Staffordshire Police,Staffordshire,12,2022,16809,13.4,5,14479,86.1,1542,9.2,788,4.7
Suffolk Constabulary,Suffolk,12,2022,9210,21.2,5,7199,78.2,1204,13.1,807,8.8
Surrey Police,Surrey,12,2022,12909,11.5,7,9632,74.6,2980,23.1,297,2.3
Sussex Police,Sussex,12,2022,22927,13.1,8,17083,74.5,5206,22.7,638,2.8
Thames Valley Police,Thames-Valley,12,2022,30266,10.7,6,25071,82.8,4485,14.8,710,2.3
Warwickshire Police,Warwickshire,12,2022,7757,11.3,8,6062,78.1,1610,20.8,85,1.1
West Mercia Police,West-Mercia,12,2022,13776,12.1,8,10822,78.5,2663,19.3,291,2.1
West Midlands police,West-Midlands,12,2022,61154,19.3,6,45322,74.1,10263,16.8,5569,9.1
West Yorkshire Police,West-Yorkshire,12,2022,37917,7.4,4,33717,88.9,3668,9.7,532,1.4
Wiltshire Police,Wiltshire,12,2022,7343,12,8,5526,75.3,1645,22.4,172,2.3
Avon and Somerset Constabulary,Avon-and-Somerset,1,2023,24490,7.89,4,21659,88.4,2356,9.6,475,1.9
Bedfordshire Police,Bedfordshire,1,2023,9585,27.07,4,6847,71.4,1439,15,1299,13.6
Cambridgeshire Constabulary,Cambridgeshire,1,2023,11317,8.63,4,9691,85.6,1386,12.2,240,2.1
Cheshire Constabulary,Cheshire,1,2023,12210,8.79,5,10738,87.9,1264,10.4,208,1.7
Cleveland Police,Cleveland,1,2023,8767,6.74,4,7642,87.2,1048,12,77,0.9
Cumbria Constabulary,Cumbria,1,2023,5305,7.96,6,4671,88,616,11.6,18,0.3
Derbyshire Constabulary,Derbyshire,1,2023,13779,8.75,7,9709,70.5,4040,29.3,30,0.2
Devon & Cornwall Police,Devon-and-Cornwall,1,2023,22135,13.94,7,17495,79,3754,17,886,4
Dorset Police,Dorset,1,2023,10173,10.87,8,7946,78.1,2055,20.2,172,1.7
Durham Constabulary,Durham,1,2023,7624,15.81,8,5579,73.2,1619,21.2,426,5.6
Dyfed-Powys Police,Dyfed-Powys,1,2023,4710,8.23,4,3962,84.1,667,14.2,81,1.7
Essex Police,Essex,1,2023,26029,11.08,6,21588,82.9,3659,14.1,782,3
Gloucestershire Constabulary,Gloucestershire,1,2023,7248,13.09,7,5435,75,1568,21.6,245,3.4
Greater Manchester Police,Greater-Manchester,1,2023,45732,8.23,4,40712,89,3940,8.6,1080,2.4
Gwent Police,Gwent,1,2023,7337,11.64,5,5952,81.1,1099,15,286,3.9
Hampshire Constabulary,Hampshire,1,2023,23269,11.41,7,18924,81.3,3786,16.3,559,2.4
Hertfordshire Constabulary,Hertfordshire,1,2023,14528,10.14,4,11614,79.9,2589,17.8,325,2.2
Humberside Police,Humberside,1,2023,12153,7.08,4,10861,89.4,1170,9.6,122,1
Kent Police,Kent,1,2023,24315,12.32,5,19478,80.1,3687,15.2,1150,4.7
Lancashire Constabulary,Lancashire,1,2023,22426,10.68,7,18444,82.2,3644,16.2,338,1.5
Leicestershire Police,Leicestershire,1,2023,15504,9.7,4,13810,89.1,1140,7.4,554,3.6
Lincolnshire Police,Lincolnshire,1,2023,8155,7.1,3,7230,88.7,787,9.7,138,1.7
Merseyside Police,Merseyside,1,2023,22056,11.52,4,17418,79,3776,17.1,862,3.9
Metropolitan Police Service,Metropolitan,1,2023,177249,18.9,6,128687,72.6,34828,19.6,13734,7.7
Norfolk Constabulary,Norfolk,1,2023,9933,7.45,5,8473,85.3,1398,14.1,62,0.6
North Wales Police,North-Wales,1,2023,8225,8.19,4,6506,79.1,1636,19.9,83,1
North Yorkshire Police,North-Yorkshire,1,2023,8213,16.01,8,5516,67.2,2314,28.2,383,4.7
Northamptonshire Police,Northamptonshire,1,2023,11108,7.18,4,9383,84.5,1659,14.9,66,0.6
Northumbria Police,Northumbria,1,2023,21937,12.92,8,15953,72.72,5334,24.32,650,2.96
Nottinghamshire Police,Nottinghamshire,1,2023,16489,8.35,5,14619,88.7,1650,10,220,1.3
Police Scotland,Scotland,1,2023,57783,8.93,5,49703,86,7096,12.3,984,1.7
Police Service of Northern Ireland,Northern-Ireland,1,2023,17084,8.66,7,13897,81.3,3032,17.7,155,0.9
South Wales Police,South-Wales,1,2023,18764,10.56,4,15174,80.9,2844,15.2,746,4
South Yorkshire Police,South-Yorkshire,1,2023,21960,9.25,8,18267,83.18,3266,14.87,427,1.94
Staffordshire Police,Staffordshire,1,2023,17195,12.12,5,14682,85.4,1766,10.3,747,4.3
Suffolk Constabulary,Suffolk,1,2023,9198,16.83,5,7531,81.9,1061,11.5,606,6.6
Surrey Police,Surrey,1,2023,12658,9.77,6,10034,79.3,2467,19.5,157,1.2
Sussex Police,Sussex,1,2023,21524,10.65,8,17398,80.8,3826,17.8,300,1.4
Thames Valley Police,Thames-Valley,1,2023,29162,10.01,6,24766,84.9,3850,13.2,546,1.9
Warwickshire Police,Warwickshire,1,2023,7792,14.54,7,5965,76.6,1708,21.9,119,1.5
West Mercia Police,West-Mercia,1,2023,13615,10.87,8,11051,81.2,2361,17.3,203,1.5
West Midlands police,West-Midlands,1,2023,63457,15.21,6,51524,81.2,8015,12.6,3918,6.2
West Yorkshire Police,West-Yorkshire,1,2023,37961,6.42,4,33876,89.2,3794,10,291,0.8
Wiltshire Police,Wiltshire,1,2023,7431,13.37,7,5545,74.6,1639,22.1,247,3.3
Avon and Somerset Constabulary,Avon-and-Somerset,2,2023,23402,7.6,4,20748,88.7,2260,9.7,394,1.7
Bedfordshire Police,Bedfordshire,2,2023,9320,45.82,5,5278,56.6,1751,18.8,2291,24.6
Cambridgeshire Constabulary,Cambridgeshire,2,2023,10770,11.69,4,8663,80.4,1672,15.5,435,4
Cheshire Constabulary,Cheshire,2,2023,11226,9.6,5,9728,86.7,1230,11,268,2.4
Cleveland Police,Cleveland,2,2023,8590,6.61,4,7405,86.2,1134,13.2,51,0.6
Cumbria Constabulary,Cumbria,2,2023,4971,8.07,6,4351,87.5,592,11.9,28,0.6
Derbyshire Constabulary,Derbyshire,2,2023,13286,7.7,6,10279,77.4,2991,22.5,16,0.1
Devon & Cornwall Police,Devon-and-Cornwall,2,2023,21340,15.06,7,16788,78.7,3568,16.7,984,4.6
Dorset Police,Dorset,2,2023,10162,11.18,8,7565,74.4,2411,23.7,186,1.8
Durham Constabulary,Durham,2,2023,7643,18.73,8,5193,67.9,1829,23.9,621,8.1
Dyfed-Powys Police,Dyfed-Powys,2,2023,4438,8.02,4,3702,83.4,666,15,70,1.6
Essex Police,Essex,2,2023,22853,11.79,6,18370,80.4,3733,16.3,750,3.3
Gloucestershire Constabulary,Gloucestershire,2,2023,6835,17.66,7,4444,65,1997,29.2,394,5.8
Greater Manchester Police,Greater-Manchester,2,2023,43292,7.56,4,38751,89.5,3715,8.6,826,1.9
Gwent Police,Gwent,2,2023,7068,14.86,5,5434,76.9,1202,17,432,6.1
Hampshire Constabulary,Hampshire,2,2023,21316,13.48,6,17520,82.2,2906,13.6,890,4.2
Hertfordshire Constabulary,Hertfordshire,2,2023,13237,9.96,4,10508,79.4,2483,18.8,246,1.9
Humberside Police,Humberside,2,2023,12046,10.41,5,9631,79.95,2139,17.76,276,2.29
Kent Police,Kent,2,2023,22771,14.97,5,17370,76.3,3894,17.1,1507,6.6
Lancashire Constabulary,Lancashire,2,2023,21794,10.85,7,17494,80.3,4022,18.5,278,1.3
Leicestershire Police,Leicestershire,2,2023,15860,13.66,4,13332,84.1,1565,9.9,963,6.1
Lincolnshire Police,Lincolnshire,2,2023,7642,7.03,3,6752,88.4,752,9.8,138,1.8
Merseyside Police,Merseyside,2,2023,20691,15.13,5,14925,72.1,4485,21.7,1281,6.2
Metropolitan Police Service,Metropolitan,2,2023,164072,20.3,7,116538,71,33360,20.3,14174,8.6
Norfolk Constabulary,Norfolk,2,2023,9060,7.29,5,7845,86.6,1164,12.8,51,0.6
North Wales Police,North-Wales,2,2023,7961,7.35,4,6468,81.2,1440,18.1,53,0.7
North Yorkshire Police,North-Yorkshire,2,2023,7953,16.79,8,5118,64.4,2455,30.9,380,4.8
Northamptonshire Police,Northamptonshire,2,2023,10707,7.47,4,8973,83.8,1662,15.5,72,0.7
Northumbria Police,Northumbria,2,2023,21858,14.31,8,15607,71.4,5374,24.6,877,4
Nottinghamshire Police,Nottinghamshire,2,2023,15673,8.86,6,13731,87.6,1720,11,222,1.4
Police Scotland,Scotland,2,2023,57597,11.2,5,46220,80.2,9708,16.9,1669,2.9
Police Service of Northern Ireland,Northern-Ireland,2,2023,16124,8.58,6,13017,80.7,2950,18.3,157,1
South Wales Police,South-Wales,2,2023,17540,11,4,14196,80.9,2589,14.8,755,4.3
South Yorkshire Police,South-Yorkshire,2,2023,20865,9.69,5,17267,82.8,3104,14.9,494,2.4
Staffordshire Police,Staffordshire,2,2023,17163,15.73,5,14089,82.1,1891,11,1183,6.9
Suffolk Constabulary,Suffolk,2,2023,8758,20.91,5,6831,78,1157,13.2,770,8.8
Surrey Police,Surrey,2,2023,12015,15.71,7,8356,69.5,3118,26,541,4.5
Sussex Police,Sussex,2,2023,20520,12.43,8,15892,77.4,4127,20.1,501,2.4
Thames Valley Police,Thames-Valley,2,2023,26965,10.49,6,22526,83.5,3870,14.4,569,2.1
Warwickshire Police,Warwickshire,2,2023,7236,11.19,8,5557,76.8,1619,22.4,60,0.8
West Mercia Police,West-Mercia,2,2023,12488,11.6,8,10126,81.1,2087,16.7,275,2.2
West Midlands police,West-Midlands,2,2023,60289,13.11,6,49928,82.8,7289,12.1,3072,5.1
West Yorkshire Police,West-Yorkshire,2,2023,36998,7.7,4,31726,85.8,4818,13,454,1.2
Wiltshire Police,Wiltshire,2,2023,7016,15.46,7,5009,71.4,1675,23.9,332,4.7
Avon and Somerset Constabulary,Avon-and-Somerset,3,2023,26637,8.64,4,23149,86.9,2828,10.6,660,2.5
Bedfordshire Police,Bedfordshire,3,2023,10680,50.56,5,5970,55.9,1844,17.3,2866,26.8
Cambridgeshire Constabulary,Cambridgeshire,3,2023,12311,11.99,4,9969,81,1792,14.6,550,4.5
Cheshire Constabulary,Cheshire,3,2023,12404,9.69,5,10654,85.9,1480,11.9,270,2.2
Cleveland Police,Cleveland,3,2023,9929,6.91,4,8433,84.9,1422,14.3,74,0.7
Cumbria Constabulary,Cumbria,3,2023,5780,8,6,5063,87.6,700,12.1,17,0.3
Derbyshire Constabulary,Derbyshire,3,2023,15212,7.54,6,12077,79.4,3108,20.4,27,0.2
Devon & Cornwall Police,Devon-and-Cornwall,3,2023,23631,14.67,7,18402,77.9,4154,17.6,1075,4.5
Dorset Police,Dorset,3,2023,10740,11.03,8,8356,77.8,2169,20.2,215,2
Durham Constabulary,Durham,3,2023,8233,18.84,8,5454,66.2,2136,25.9,643,7.8
Dyfed-Powys Police,Dyfed-Powys,3,2023,4830,7.6,4,4048,83.8,724,15,58,1.2
Essex Police,Essex,3,2023,26003,14.26,6,19842,76.3,4816,18.5,1345,5.2
Gloucestershire Constabulary,Gloucestershire,3,2023,7716,16.31,6,5296,68.6,1964,25.5,456,5.9
Greater Manchester Police,Greater-Manchester,3,2023,49052,10.46,4,40472,82.5,6914,14.1,1666,3.4
Gwent Police,Gwent,3,2023,7580,14.5,6,5840,77,1325,17.5,415,5.5
Hampshire Constabulary,Hampshire,3,2023,25168,13.66,7,19504,77.5,4732,18.8,932,3.7
Hertfordshire Constabulary,Hertfordshire,3,2023,15122,10.22,5,11895,78.7,2967,19.6,260,1.7
Humberside Police,Humberside,3,2023,12941,9.72,5,10441,80.7,2261,17.5,239,1.8
Kent Police,Kent,3,2023,25948,14.61,5,19307,74.4,5076,19.6,1565,6
Lancashire Constabulary,Lancashire,3,2023,25069,12.06,8,19278,76.9,5281,21.1,510,2
Leicestershire Police,Leicestershire,3,2023,17105,12.42,4,14573,85.2,1613,9.4,919,5.4
Lincolnshire Police,Lincolnshire,3,2023,9002,8.05,3,7737,85.9,1072,11.9,193,2.1
Merseyside Police,Merseyside,3,2023,23362,13.49,4,17613,75.4,4541,19.4,1208,5.2
Metropolitan Police Service,Metropolitan,3,2023,184914,22.52,7,125805,68,41332,22.4,17777,9.6
Norfolk Constabulary,Norfolk,3,2023,10356,7.57,5,8914,86.1,1368,13.2,74,0.7
North Wales Police,North-Wales,3,2023,9004,7.9,4,7275,80.8,1632,18.1,97,1.1
North Yorkshire Police,North-Yorkshire,3,2023,8642,16.08,8,5556,64.3,2735,31.6,351,4.1
Northamptonshire Police,Northamptonshire,3,2023,12041,7.57,4,10073,83.7,1852,15.4,116,1
Northumbria Police,Northumbria,3,2023,23367,14.2,8,16788,71.8,5651,24.2,928,4
Nottinghamshire Police,Nottinghamshire,3,2023,17458,8.75,6,15310,87.7,1890,10.8,258,1.5
Police Scotland,Scotland,3,2023,61513,11.54,6,48086,78.2,11530,18.7,1897,3.1
Police Service of Northern Ireland,Northern-Ireland,3,2023,18549,9.1,6,14786,79.7,3529,19,234,1.3
South Wales Police,South-Wales,3,2023,19473,10.48,4,15974,82,2683,13.8,816,4.2
South Yorkshire Police,South-Yorkshire,3,2023,22986,9.78,5,18725,81.5,3718,16.2,543,2.4
Staffordshire Police,Staffordshire,3,2023,18730,16.05,5,15223,81.3,2209,11.8,1298,6.9
Suffolk Constabulary,Suffolk,3,2023,9798,26.02,5,7479,76.3,1282,13.1,1037,10.6
Surrey Police,Surrey,3,2023,13273,42.16,7,7756,58.4,2929,22.1,2588,19.5
Sussex Police,Sussex,3,2023,23122,12.19,8,17986,77.8,4587,19.8,549,2.4
Thames Valley Police,Thames-Valley,3,2023,30990,11.49,6,25117,81,5034,16.2,839,2.7
Warwickshire Police,Warwickshire,3,2023,8567,12.91,8,6459,75.4,1922,22.4,186,2.2
West Mercia Police,West-Mercia,3,2023,14530,11.9,8,11275,77.6,2931,20.2,324,2.2
West Midlands police,West-Midlands,3,2023,67186,14.47,6,53086,79,10157,15.1,3943,5.9
West Yorkshire Police,West-Yorkshire,3,2023,40807,7.84,4,34485,84.5,5839,14.3,483,1.2
Wiltshire Police,Wiltshire,3,2023,7851,19.32,8,5307,67.6,1923,24.5,621,7.9
Avon and Somerset Constabulary,Avon-and-Somerset,4,2023,26812,8.71,4,22958,85.6,3262,12.2,592,2.2
Bedfordshire Police,Bedfordshire,4,2023,10779,52.05,5,6009,55.7,1873,17.4,2897,26.9
Cambridgeshire Constabulary,Cambridgeshire,4,2023,12372,15.21,4,9673,78.2,1923,15.5,776,6.3
Cheshire Constabulary,Cheshire,4,2023,13208,8.61,6,11573,87.6,1462,11.1,173,1.3
Cleveland Police,Cleveland,4,2023,9991,7.34,4,8343,83.5,1573,15.7,75,0.8
Cumbria Constabulary,Cumbria,4,2023,6352,8.1,6,5552,87.4,775,12.2,25,0.4
Derbyshire Constabulary,Derbyshire,4,2023,14837,7.95,7,11324,76.3,3488,23.5,25,0.2
Devon & Cornwall Police,Devon-and-Cornwall,4,2023,24966,15.59,7,19292,77.3,4336,17.4,1338,5.4
Dorset Police,Dorset,4,2023,10933,11.69,8,8286,75.8,2398,21.9,249,2.3
Durham Constabulary,Durham,4,2023,8697,16,8,6268,72.1,1914,22,515,5.9
Dyfed-Powys Police,Dyfed-Powys,4,2023,5481,8.49,4,4420,80.6,970,17.7,91,1.7
Essex Police,Essex,4,2023,26731,13.23,6,21014,78.6,4525,16.9,1192,4.5
Gloucestershire Constabulary,Gloucestershire,4,2023,7609,13.33,6,5570,73.2,1739,22.9,300,3.9
Greater Manchester Police,Greater-Manchester,4,2023,48913,7.14,4,43483,88.9,4735,9.7,695,1.4
Gwent Police,Gwent,4,2023,8234,11.86,6,6701,81.4,1201,14.6,332,4
Hampshire Constabulary,Hampshire,4,2023,25917,15.33,7,19701,76,4962,19.1,1254,4.8
Hertfordshire Constabulary,Hertfordshire,4,2023,15159,9.51,5,12299,81.1,2612,17.2,248,1.6
Humberside Police,Humberside,4,2023,13848,10.14,4,11133,80.4,2398,17.3,317,2.3
Kent Police,Kent,4,2023,25687,13.05,5,19752,76.9,4731,18.4,1204,4.7
Lancashire Constabulary,Lancashire,4,2023,27162,10.6,7,21860,80.5,5000,18.4,302,1.1
Leicestershire Police,Leicestershire,4,2023,16602,13.53,4,14209,85.6,1431,8.6,962,5.8
Lincolnshire Police,Lincolnshire,4,2023,9546,6.99,3,8413,88.1,965,10.1,168,1.8
Merseyside Police,Merseyside,4,2023,24240,12.22,4,18656,77,4560,18.8,1024,4.2
Metropolitan Police Service,Metropolitan,4,2023,184127,26.22,7,121510,66,40999,22.3,21618,11.7
Norfolk Constabulary,Norfolk,4,2023,11057,7.39,5,9567,86.5,1419,12.8,71,0.6
North Wales Police,North-Wales,4,2023,9933,8.18,4,7805,78.6,2036,20.5,92,0.9
North Yorkshire Police,North-Yorkshire,4,2023,9137,13.78,7,6727,73.6,2159,23.6,251,2.7
Northamptonshire Police,Northamptonshire,4,2023,11603,9.81,5,8628,74.4,2804,24.2,171,1.5
Northumbria Police,Northumbria,4,2023,25024,13.51,8,18464,73.8,5675,22.7,885,3.5
Nottinghamshire Police,Nottinghamshire,4,2023,17660,8.25,6,15585,88.3,1886,10.7,189,1.1
Police Scotland,Scotland,4,2023,65332,11.73,6,49730,76.1,13790,21.1,1812,2.8
Police Service of Northern Ireland,Northern-Ireland,4,2023,19343,8.7,7,15532,80.3,3658,18.9,153,0.8
South Wales Police,South-Wales,4,2023,20615,11.23,4,16387,79.5,3352,16.3,876,4.2
South Yorkshire Police,South-Yorkshire,4,2023,22751,8.42,5,19538,85.9,2870,12.6,343,1.5
Staffordshire Police,Staffordshire,4,2023,19795,14.47,5,16329,82.5,2222,11.2,1244,6.3
Suffolk Constabulary,Suffolk,4,2023,9780,18.13,5,7972,81.5,1100,11.2,708,7.2
Surrey Police,Surrey,4,2023,13523,20.58,7,9924,73.4,2500,18.5,1099,8.1
Sussex Police,Sussex,4,2023,24743,12.26,8,19162,77.4,5035,20.3,546,2.2
Thames Valley Police,Thames-Valley,4,2023,31893,11.18,6,26359,82.6,4704,14.7,830,2.6
Warwickshire Police,Warwickshire,4,2023,8415,13.01,8,6454,76.7,1729,20.5,232,2.8
West Mercia Police,West-Mercia,4,2023,14999,13.68,8,11299,75.3,3211,21.4,489,3.3
West Midlands police,West-Midlands,4,2023,65867,9.84,5,56425,85.7,7751,11.8,1691,2.6
West Yorkshire Police,West-Yorkshire,4,2023,42100,8.49,4,34607,82.2,6894,16.4,599,1.4
Wiltshire Police,Wiltshire,4,2023,8076,19.53,8,5459,67.6,1999,24.8,618,7.7
Avon and Somerset Constabulary,Avon-and-Somerset,5,2023,31579,12.27,4,25501,80.8,4628,14.7,1450,4.6
Bedfordshire Police,Bedfordshire,5,2023,12089,47.24,5,6942,57.4,2102,17.4,3045,25.2
Cambridgeshire Constabulary,Cambridgeshire,5,2023,14036,19.53,4,10526,75,2190,15.6,1320,9.4
Cheshire Constabulary,Cheshire,5,2023,14905,9.9,6,12461,83.6,2173,14.6,271,1.8
Cleveland Police,Cleveland,5,2023,10844,8.23,4,8654,79.8,2059,19,131,1.2
Cumbria Constabulary,Cumbria,5,2023,7406,8.68,6,6369,86,989,13.4,48,0.6
Derbyshire Constabulary,Derbyshire,5,2023,17593,8.55,7,12259,69.7,5306,30.2,28,0.2
Devon & Cornwall Police,Devon-and-Cornwall,5,2023,29332,17.6,7,22263,75.9,5078,17.3,1991,6.8
Dorset Police,Dorset,5,2023,13211,13.68,8,9694,73.4,3036,23,481,3.6
Durham Constabulary,Durham,5,2023,10015,17.97,8,6854,68.4,2414,24.1,747,7.5
Dyfed-Powys Police,Dyfed-Powys,5,2023,6226,9.85,4,4954,79.6,1119,18,153,2.5
Essex Police,Essex,5,2023,30746,13.54,6,24388,79.3,4939,16.1,1419,4.6
Gloucestershire Constabulary,Gloucestershire,5,2023,9590,16.21,6,6961,72.6,2021,21.1,608,6.3
Greater Manchester Police,Greater-Manchester,5,2023,54987,7.45,4,48580,88.3,5623,10.2,784,1.4
Gwent Police,Gwent,5,2023,9401,12.03,5,7549,80.3,1452,15.4,400,4.3
Hampshire Constabulary,Hampshire,5,2023,29531,18.31,8,21283,72.1,6166,20.9,2082,7.1
Hertfordshire Constabulary,Hertfordshire,5,2023,17235,10.21,5,13760,79.8,3087,17.9,388,2.3
Humberside Police,Humberside,5,2023,15803,10.64,4,12597,79.7,2753,17.4,453,2.9
Kent Police,Kent,5,2023,29528,13.83,5,21584,73.1,6507,22,1437,4.9
Lancashire Constabulary,Lancashire,5,2023,31325,12.19,7,24113,77,6499,20.7,713,2.3
Leicestershire Police,Leicestershire,5,2023,19438,15.81,4,15925,81.9,2047,10.5,1478,7.6
Lincolnshire Police,Lincolnshire,5,2023,10926,7.67,3,9359,85.7,1358,12.4,209,1.9
Merseyside Police,Merseyside,5,2023,26931,10.76,4,21513,79.9,4489,16.7,929,3.4
Metropolitan Police Service,Metropolitan,5,2023,208941,20.83,7,144068,69,46224,22.1,18649,8.9
Norfolk Constabulary,Norfolk,5,2023,11999,6.86,4,10477,87.3,1482,12.4,40,0.3
North Wales Police,North-Wales,5,2023,12118,10.57,4,8746,72.2,3080,25.4,292,2.4
North Yorkshire Police,North-Yorkshire,5,2023,11270,12.2,7,8628,76.6,2406,21.3,236,2.1
Northamptonshire Police,Northamptonshire,5,2023,12977,10.81,4,9534,73.5,3165,24.4,278,2.1
Northumbria Police,Northumbria,5,2023,28333,13.78,8,22475,79.3,4656,16.4,1202,4.2
Nottinghamshire Police,Nottinghamshire,5,2023,19691,10.12,6,16664,84.6,2620,13.3,407,2.1
Police Scotland,Scotland,5,2023,77015,14.51,6,55272,71.8,17909,23.3,3834,5
Police Service of Northern Ireland,Northern-Ireland,5,2023,22770,10.71,7,17414,76.5,4857,21.3,499,2.2
South Wales Police,South-Wales,5,2023,23633,11.29,4,18691,79.1,3909,16.5,1033,4.4
South Yorkshire Police,South-Yorkshire,5,2023,26177,8.83,5,21897,83.6,3817,14.6,463,1.8
Staffordshire Police,Staffordshire,5,2023,22141,14.05,5,18555,83.8,2271,10.3,1315,5.9
Suffolk Constabulary,Suffolk,5,2023,10750,24.17,5,8378,77.9,1264,11.8,1108,10.3
Surrey Police,Surrey,5,2023,15608,11.68,6,12974,83.1,2173,13.9,461,3
Sussex Police,Sussex,5,2023,28092,13.21,8,21167,75.3,6211,22.1,714,2.5
Thames Valley Police,Thames-Valley,5,2023,35762,11.87,6,28543,79.8,6176,17.3,1043,2.9
Warwickshire Police,Warwickshire,5,2023,9988,13.4,8,7375,73.8,2346,23.5,267,2.7
West Mercia Police,West-Mercia,5,2023,18167,15.51,8,13064,71.9,4196,23.1,907,5
West Midlands police,West-Midlands,5,2023,72862,10.76,5,61360,84.2,9326,12.8,2176,3
West Yorkshire Police,West-Yorkshire,5,2023,48287,9.43,4,38996,80.8,8359,17.3,932,1.9
Wiltshire Police,Wiltshire,5,2023,9282,28.58,8,5496,59.2,2452,26.4,1334,14.4
Avon and Somerset Constabulary,Avon-and-Somerset,6,2023,32903,14.52,4,25275,76.8,5921,18,1707,5.2
Bedfordshire Police,Bedfordshire,6,2023,12116,61.34,7,6247,51.6,2146,17.7,3723,30.7
Cambridgeshire Constabulary,Cambridgeshire,6,2023,15797,16.56,4,12253,77.6,2361,14.9,1183,7.5
Cheshire Constabulary,Cheshire,6,2023,15773,11.64,6,12548,79.6,2794,17.7,431,2.7
Cleveland Police,Cleveland,6,2023,10598,9.15,5,8094,76.4,2369,22.4,135,1.3
Cumbria Constabulary,Cumbria,6,2023,7372,8.55,6,6350,86.1,988,13.4,34,0.5
Derbyshire Constabulary,Derbyshire,6,2023,17374,8.86,8,11798,67.9,5555,32,21,0.1
Devon & Cornwall Police,Devon-and-Cornwall,6,2023,31039,16,7,24116,77.7,5173,16.7,1750,5.6
Dorset Police,Dorset,6,2023,13504,13.87,8,9684,71.7,3321,24.6,499,3.7
Durham Constabulary,Durham,6,2023,9821,22.4,8,6303,64.2,2454,25,1064,10.8
Dyfed-Powys Police,Dyfed-Powys,6,2023,6886,11.82,4,5114,74.3,1528,22.2,244,3.5
Essex Police,Essex,6,2023,31278,16.54,6,23136,74,5965,19.1,2177,7
Gloucestershire Constabulary,Gloucestershire,6,2023,10328,17.45,6,6913,66.9,2752,26.6,663,6.4
Greater Manchester Police,Greater-Manchester,6,2023,56744,9.73,4,47044,82.9,8158,14.4,1542,2.7
Gwent Police,Gwent,6,2023,9594,12.9,6,7472,77.9,1681,17.5,441,4.6
Hampshire Constabulary,Hampshire,6,2023,32528,27.39,8,21026,64.6,7137,21.9,4365,13.4
Hertfordshire Constabulary,Hertfordshire,6,2023,18028,11.8,5,13543,75.1,3964,22,521,2.9
Humberside Police,Humberside,6,2023,15822,12.01,5,12062,76.2,3198,20.2,562,3.6
Kent Police,Kent,6,2023,32582,17.82,5,21746,66.7,8375,25.7,2461,7.6
Lancashire Constabulary,Lancashire,6,2023,32725,13.31,8,23880,73,8043,24.6,802,2.5
Leicestershire Police,Leicestershire,6,2023,20186,27.21,4,14599,72.3,2740,13.6,2847,14.1
Lincolnshire Police,Lincolnshire,6,2023,11081,9.06,3,9203,83.1,1569,14.2,309,2.8
Merseyside Police,Merseyside,6,2023,27130,15.54,5,18895,69.6,6507,24,1728,6.4
Metropolitan Police Service,Metropolitan,6,2023,212841,23.7,7,139340,65.5,51352,24.1,22149,10.4
Norfolk Constabulary,Norfolk,6,2023,12363,7.73,5,10433,84.4,1855,15,75,0.6
North Wales Police,North-Wales,6,2023,12167,12.58,5,8435,69.3,3283,27,449,3.7
North Yorkshire Police,North-Yorkshire,6,2023,11194,13.04,7,8334,74.5,2551,22.8,309,2.8
Northamptonshire Police,Northamptonshire,6,2023,13134,12.17,5,9386,71.5,3340,25.4,408,3.1
Northumbria Police,Northumbria,6,2023,27272,14.13,8,21078,77.3,5016,18.4,1178,4.3
Nottinghamshire Police,Nottinghamshire,6,2023,19880,9.16,6,17009,85.6,2612,13.1,259,1.3
Police Scotland,Scotland,6,2023,80669,14.91,6,58220,72.2,18002,22.3,4447,5.5
Police Service of Northern Ireland,Northern-Ireland,6,2023,23458,9.92,7,18172,77.5,4902,20.9,384,1.6
South Wales Police,South-Wales,6,2023,23418,14.06,4,16992,72.6,5015,21.4,1411,6
South Yorkshire Police,South-Yorkshire,6,2023,26503,11.91,5,20270,76.5,5310,20,923,3.5
Staffordshire Police,Staffordshire,6,2023,22229,15.47,5,17596,79.2,3133,14.1,1500,6.7
Suffolk Constabulary,Suffolk,6,2023,11572,27,5,8646,74.7,1592,13.8,1334,11.5
Surrey Police,Surrey,6,2023,17496,16.29,7,13313,76.1,3224,18.4,959,5.5
Sussex Police,Sussex,6,2023,30526,16.95,8,20907,68.5,7980,26.1,1639,5.4
Thames Valley Police,Thames-Valley,6,2023,38808,13.51,6,29622,76.3,7667,19.8,1519,3.9
Warwickshire Police,Warwickshire,6,2023,10765,14.68,8,7541,70.1,2869,26.7,355,3.3
West Mercia Police,West-Mercia,6,2023,18566,22.25,9,11391,61.4,5374,28.9,1801,9.7
West Midlands police,West-Midlands,6,2023,73439,9.56,6,62099,84.6,10026,13.7,1314,1.8
West Yorkshire Police,West-Yorkshire,6,2023,48888,10.97,4,37042,75.8,10584,21.6,1262,2.6
Wiltshire Police,Wiltshire,6,2023,10085,27.65,9,5726,56.8,3005,29.8,1354,13.4
Avon and Somerset Constabulary,Avon-and-Somerset,7,2023,30426,13.49,4,23907,78.6,4908,16.1,1611,5.3
Bedfordshire Police,Bedfordshire,7,2023,11786,26.75,4,8618,73.1,1548,13.1,1620,13.7
Cambridgeshire Constabulary,Cambridgeshire,7,2023,15874,20.6,4,11735,73.9,2575,16.2,1564,9.9
Cheshire Constabulary,Cheshire,7,2023,14151,13.46,8,9542,67.4,4167,29.4,442,3.1
Cleveland Police,Cleveland,7,2023,10673,8.45,4,8773,82.2,1760,16.5,140,1.3
Cumbria Constabulary,Cumbria,7,2023,6667,8.82,7,5537,83.1,1104,16.6,26,0.4
Derbyshire Constabulary,Derbyshire,7,2023,16680,8.57,7,11749,70.4,4912,29.4,19,0.1
Devon & Cornwall Police,Devon-and-Cornwall,7,2023,28631,15.2,6,23231,81.1,3783,13.2,1617,5.6
Dorset Police,Dorset,7,2023,12959,12.17,8,9511,73.4,3134,24.2,314,2.4
Durham Constabulary,Durham,7,2023,9526,18.99,8,6486,68.1,2240,23.5,800,8.4
Dyfed-Powys Police,Dyfed-Powys,7,2023,6029,10.74,4,4654,77.2,1193,19.8,182,3
Essex Police,Essex,7,2023,30131,11.67,6,24956,82.8,4173,13.8,1002,3.3
Gloucestershire Constabulary,Gloucestershire,7,2023,9279,13.67,6,6902,74.4,1995,21.5,382,4.1
Greater Manchester Police,Greater-Manchester,7,2023,52009,8.94,4,45072,86.7,5624,10.8,1313,2.5
Gwent Police,Gwent,7,2023,8720,9.61,6,7353,84.3,1176,13.5,191,2.2
Hampshire Constabulary,Hampshire,7,2023,29870,22.72,8,20101,67.3,6576,22,3193,10.7
Hertfordshire Constabulary,Hertfordshire,7,2023,16742,9.51,5,13750,82.1,2709,16.2,283,1.7
Humberside Police,Humberside,7,2023,15365,12.32,5,11744,76.4,3029,19.7,592,3.9
Kent Police,Kent,7,2023,32708,19.61,5,21759,66.5,8071,24.7,2878,8.8
Lancashire Constabulary,Lancashire,7,2023,29326,11.67,8,22902,78.1,5900,20.1,524,1.8
Leicestershire Police,Leicestershire,7,2023,18403,19.47,4,14835,80.6,1969,10.7,1599,8.7
Lincolnshire Police,Lincolnshire,7,2023,10699,6.72,3,9506,88.8,1030,9.6,163,1.5
Merseyside Police,Merseyside,7,2023,25614,14.36,5,18689,73,5537,21.6,1388,5.4
Metropolitan Police Service,Metropolitan,7,2023,215739,12.74,6,177480,82.3,30824,14.3,7435,3.4
Norfolk Constabulary,Norfolk,7,2023,12629,7.18,5,10988,87,1585,12.6,56,0.4
North Wales Police,North-Wales,7,2023,10684,9.08,4,8401,78.6,2098,19.6,185,1.7
North Yorkshire Police,North-Yorkshire,7,2023,10470,12.02,7,8021,76.6,2238,21.4,211,2
Northamptonshire Police,Northamptonshire,7,2023,12803,9.55,4,10213,79.8,2382,18.6,208,1.6
Northumbria Police,Northumbria,7,2023,27243,15.9,7,21185,77.8,4592,16.9,1466,5.4
Nottinghamshire Police,Nottinghamshire,7,2023,19270,9.34,6,16412,85.2,2599,13.5,259,1.3
Police Scotland,Scotland,7,2023,71750,12.33,6,56052,78.1,13062,18.2,2636,3.7
Police Service of Northern Ireland,Northern-Ireland,7,2023,20978,9.64,7,16415,78.2,4240,20.2,323,1.5
South Wales Police,South-Wales,7,2023,21012,10.98,4,16759,79.8,3385,16.1,868,4.1
South Yorkshire Police,South-Yorkshire,7,2023,25419,10.13,5,20385,80.2,4467,17.6,567,2.2
Staffordshire Police,Staffordshire,7,2023,20355,12.06,5,17298,85,2191,10.8,866,4.3
Suffolk Constabulary,Suffolk,7,2023,11503,19.49,5,9346,81.2,1230,10.7,927,8.1
Surrey Police,Surrey,7,2023,15871,18.73,7,11890,74.9,2787,17.6,1194,7.5
Sussex Police,Sussex,7,2023,29199,14.04,8,21430,73.4,6816,23.3,953,3.3
Thames Valley Police,Thames-Valley,7,2023,35633,11.92,6,28605,80.3,5980,16.8,1048,2.9
Warwickshire Police,Warwickshire,7,2023,9347,13.08,8,7214,77.2,1867,20,266,2.8
West Mercia Police,West-Mercia,7,2023,16840,20.29,8,11393,67.7,4052,24.1,1395,8.3
West Midlands police,West-Midlands,7,2023,69225,8.61,6,61173,88.4,7069,10.2,983,1.4
West Yorkshire Police,West-Yorkshire,7,2023,45105,7.99,4,38014,84.3,6551,14.5,540,1.2
Wiltshire Police,Wiltshire,7,2023,8943,24.03,8,5708,63.8,2259,25.3,976,10.9
Avon and Somerset Constabulary,Avon-and-Somerset,8,2023,31026,14.04,4,24191,78,5069,16.3,1766,5.7
Bedfordshire Police,Bedfordshire,8,2023,11172,16.41,4,9009,80.6,1241,11.1,922,8.3
Cambridgeshire Constabulary,Cambridgeshire,8,2023,14198,21.79,4,10386,73.2,2294,16.2,1518,10.7
Cheshire Constabulary,Cheshire,8,2023,14015,13.67,9,9265,66.1,4271,30.5,479,3.4
Cleveland Police,Cleveland,8,2023,10998,7.75,4,9198,83.6,1696,15.4,104,0.9
Cumbria Constabulary,Cumbria,8,2023,6941,8.3,6,6013,86.6,894,12.9,34,0.5
Derbyshire Constabulary,Derbyshire,8,2023,15720,8.51,7,10994,69.9,4702,29.9,24,0.2
Devon & Cornwall Police,Devon-and-Cornwall,8,2023,30834,10.01,5,27146,88,2858,9.3,830,2.7
Dorset Police,Dorset,8,2023,13082,12.57,8,9740,74.5,2966,22.7,376,2.9
Durham Constabulary,Durham,8,2023,9406,13.99,8,6980,74.2,2041,21.7,385,4.1
Dyfed-Powys Police,Dyfed-Powys,8,2023,6393,10.47,4,4975,77.8,1248,19.5,170,2.7
Essex Police,Essex,8,2023,29771,12.06,6,24139,81.1,4563,15.3,1069,3.6
Gloucestershire Constabulary,Gloucestershire,8,2023,9120,10.52,6,7310,80.2,1611,17.7,199,2.2
Greater Manchester Police,Greater-Manchester,8,2023,51317,8.47,4,44612,86.9,5647,11,1058,2.1
Gwent Police,Gwent,8,2023,9073,10.22,6,7623,84,1217,13.4,233,2.6
Hampshire Constabulary,Hampshire,8,2023,28973,20.21,7,20445,70.6,5960,20.6,2568,8.9
Hertfordshire Constabulary,Hertfordshire,8,2023,15937,9.04,5,13408,84.1,2263,14.2,266,1.7
Humberside Police,Humberside,8,2023,15065,10.52,5,12079,80.2,2598,17.2,388,2.6
Kent Police,Kent,8,2023,31492,12.98,5,24517,77.9,5497,17.5,1478,4.7
Lancashire Constabulary,Lancashire,8,2023,28446,12.18,8,22519,79.2,5251,18.5,676,2.4
Leicestershire Police,Leicestershire,8,2023,18637,14.91,4,15820,84.9,1628,8.7,1189,6.4
Lincolnshire Police,Lincolnshire,8,2023,11771,6.97,3,10331,87.8,1273,10.8,167,1.4
Merseyside Police,Merseyside,8,2023,26113,14.63,5,18754,71.8,5860,22.4,1499,5.7
Metropolitan Police Service,Metropolitan,8,2023,202675,17.83,6,157535,77.7,31946,15.8,13194,6.5
Norfolk Constabulary,Norfolk,8,2023,12398,6.89,5,10903,87.9,1458,11.8,37,0.3
North Wales Police,North-Wales,8,2023,11333,10.05,4,8482,74.8,2598,22.9,253,2.2
North Yorkshire Police,North-Yorkshire,8,2023,10518,11.14,7,8414,80,1934,18.4,170,1.6
Northamptonshire Police,Northamptonshire,8,2023,12333,8.87,4,10008,81.1,2145,17.4,180,1.5
Northumbria Police,Northumbria,8,2023,27968,13.81,7,22304,79.7,4402,15.7,1262,4.5
Nottinghamshire Police,Nottinghamshire,8,2023,19576,9.36,6,16738,85.5,2570,13.1,268,1.4
Police Scotland,Scotland,8,2023,76706,13.83,6,58275,76,14724,19.2,3707,4.8
Police Service of Northern Ireland,Northern-Ireland,8,2023,21254,10.12,7,16675,78.5,4192,19.7,387,1.8
South Wales Police,South-Wales,8,2023,21394,8.63,4,17551,82,3395,15.9,448,2.1
South Yorkshire Police,South-Yorkshire,8,2023,23549,8.97,5,19783,84,3400,14.4,366,1.6
Staffordshire Police,Staffordshire,8,2023,19271,12.57,5,16533,85.8,1857,9.6,881,4.6
Suffolk Constabulary,Suffolk,8,2023,11066,19.58,5,8962,81,1235,11.2,869,7.9
Surrey Police,Surrey,8,2023,15083,16.98,7,11426,75.8,2704,17.9,953,6.3
Sussex Police,Sussex,8,2023,28216,11.75,8,22363,79.3,5291,18.8,562,2
Thames Valley Police,Thames-Valley,8,2023,35286,11.54,6,28647,81.2,5662,16,977,2.8
Warwickshire Police,Warwickshire,8,2023,8794,10.96,7,7289,82.9,1376,15.6,129,1.5
West Mercia Police,West-Mercia,8,2023,17590,21.79,8,12024,68.4,3933,22.4,1633,9.3
West Midlands police,West-Midlands,8,2023,68290,8.67,6,59958,87.8,7318,10.7,1014,1.5
West Yorkshire Police,West-Yorkshire,8,2023,45293,7.97,4,38905,85.9,5804,12.8,584,1.3
Wiltshire Police,Wiltshire,8,2023,9334,18.41,8,6539,70.1,2127,22.8,668,7.2
Avon and Somerset Constabulary,Avon-and-Somerset,9,2023,30197,19.68,4,22030,73,5485,18.2,2682,8.9
Bedfordshire Police,Bedfordshire,9,2023,11671,26.18,4,8453,72.4,1602,13.7,1616,13.8
Cambridgeshire Constabulary,Cambridgeshire,9,2023,13617,22.35,4,9690,71.2,2410,17.7,1517,11.1
Cheshire Constabulary,Cheshire,9,2023,14378,13.01,8,10307,71.7,3665,25.5,406,2.8
Cleveland Police,Cleveland,9,2023,10317,8.64,5,8290,80.4,1899,18.4,128,1.2
Cumbria Constabulary,Cumbria,9,2023,6555,8.04,6,5733,87.5,801,12.2,21,0.3
Derbyshire Constabulary,Derbyshire,9,2023,15500,8.49,7,10771,69.5,4711,30.4,18,0.1
Devon & Cornwall Police,Devon-and-Cornwall,9,2023,29266,15.19,7,22384,76.5,5344,18.3,1538,5.3
Dorset Police,Dorset,9,2023,12417,14.84,8,8672,69.8,3227,26,518,4.2
Durham Constabulary,Durham,9,2023,9441,15.04,8,6913,73.2,2047,21.7,481,5.1
Dyfed-Powys Police,Dyfed-Powys,9,2023,6181,9.81,4,4962,80.3,1066,17.2,153,2.5
Essex Police,Essex,9,2023,30195,15.68,6,23119,76.6,5256,17.4,1820,6
Gloucestershire Constabulary,Gloucestershire,9,2023,8652,10.54,6,6859,79.3,1614,18.7,179,2.1
Greater Manchester Police,Greater-Manchester,9,2023,52997,8.43,4,45736,86.3,6231,11.8,1030,1.9
Gwent Police,Gwent,9,2023,8743,7.65,5,7743,88.6,920,10.5,80,0.9
Hampshire Constabulary,Hampshire,9,2023,28147,17.85,7,20656,73.4,5516,19.6,1975,7
Hertfordshire Constabulary,Hertfordshire,9,2023,17744,12.38,5,13292,74.9,3849,21.7,603,3.4
Humberside Police,Humberside,9,2023,14767,10.5,5,11880,80.4,2507,17,380,2.6
Kent Police,Kent,9,2023,31736,19.16,5,21443,67.6,7412,23.4,2881,9.1
Lancashire Constabulary,Lancashire,9,2023,28634,12.58,8,22389,78.2,5517,19.3,728,2.5
Leicestershire Police,Leicestershire,9,2023,18904,17.29,4,15424,81.6,1975,10.4,1505,8
Lincolnshire Police,Lincolnshire,9,2023,10672,7.4,3,9307,87.2,1177,11,188,1.8
Merseyside Police,Merseyside,9,2023,27077,19.94,5,18137,67,6371,23.5,2569,9.5
Metropolitan Police Service,Metropolitan,9,2023,211135,15.92,6,166720,79,32744,15.5,11671,5.5
Norfolk Constabulary,Norfolk,9,2023,11628,7.57,5,10125,87.1,1422,12.2,81,0.7
North Wales Police,North-Wales,9,2023,10427,9.01,4,8054,77.2,2202,21.1,171,1.6
North Yorkshire Police,North-Yorkshire,9,2023,10516,12.17,7,8086,76.9,2222,21.1,208,2
Northamptonshire Police,Northamptonshire,9,2023,12642,8.02,4,10495,83,2035,16.1,112,0.9
Northumbria Police,Northumbria,9,2023,26586,12.46,7,21808,82,3790,14.3,988,3.7
Nottinghamshire Police,Nottinghamshire,9,2023,19583,10.41,6,16335,83.4,2867,14.6,381,1.9
Police Scotland,Scotland,9,2023,71725,11.68,6,57466,80.1,11895,16.6,2364,3.3
Police Service of Northern Ireland,Northern-Ireland,9,2023,21036,12.49,7,15951,75.8,4310,20.5,775,3.7
South Wales Police,South-Wales,9,2023,21641,12.65,4,16109,74.4,4515,20.9,1017,4.7
South Yorkshire Police,South-Yorkshire,9,2023,24492,9.85,5,20155,82.3,3871,15.8,466,1.9
Staffordshire Police,Staffordshire,9,2023,20112,16.31,5,16509,82.1,2147,10.7,1456,7.2
Suffolk Constabulary,Suffolk,9,2023,11052,14.4,5,9377,84.8,1083,9.8,592,5.4
Surrey Police,Surrey,9,2023,15284,17.14,7,11640,76.2,2664,17.4,980,6.4
Sussex Police,Sussex,9,2023,28205,12.65,8,21810,77.3,5693,20.2,702,2.5
Thames Valley Police,Thames-Valley,9,2023,35566,13.69,6,27235,76.6,6850,19.3,1481,4.2
Warwickshire Police,Warwickshire,9,2023,9422,12.3,8,7636,81,1575,16.7,211,2.2
West Mercia Police,West-Mercia,9,2023,17509,28.15,9,11292,64.5,3886,22.2,2331,13.3
West Midlands police,West-Midlands,9,2023,69723,10.36,6,58875,84.4,9149,13.1,1699,2.4
West Yorkshire Police,West-Yorkshire,9,2023,46266,7.29,4,39545,85.5,6385,13.8,336,0.7
Wiltshire Police,Wiltshire,9,2023,9300,22.98,8,6138,66,2204,23.7,958,10.3
Avon and Somerset Constabulary,Avon-and-Somerset,10,2023,28816,16.45,4,22081,76.6,4669,16.2,2066,7.2
Bedfordshire Police,Bedfordshire,10,2023,10885,21.32,4,8422,77.4,1331,12.2,1132,10.4
Cambridgeshire Constabulary,Cambridgeshire,10,2023,13060,19.04,4,9986,76.5,1917,14.7,1157,8.9
Cheshire Constabulary,Cheshire,10,2023,13314,9.7,6,11279,84.7,1754,13.2,281,2.1
Cleveland Police,Cleveland,10,2023,9631,7.03,4,8320,86.4,1245,12.9,66,0.7
Cumbria Constabulary,Cumbria,10,2023,5892,7.85,6,5203,88.3,672,11.4,17,0.3
Derbyshire Constabulary,Derbyshire,10,2023,15504,8.3,7,11113,71.7,4369,28.2,22,0.1
Devon & Cornwall Police,Devon-and-Cornwall,10,2023,26157,15.59,8,19824,75.8,4927,18.8,1406,5.4
Dorset Police,Dorset,10,2023,10849,16.15,8,7621,70.2,2814,25.9,414,3.8
Durham Constabulary,Durham,10,2023,8524,13.52,8,6517,76.5,1676,19.7,331,3.9
Dyfed-Powys Police,Dyfed-Powys,10,2023,5517,8.83,4,4518,81.9,901,16.3,98,1.8
Essex Police,Essex,10,2023,27521,13.03,6,22011,80,4347,15.8,1163,4.2
Gloucestershire Constabulary,Gloucestershire,10,2023,8121,10.28,6,6494,80,1494,18.4,133,1.6
Greater Manchester Police,Greater-Manchester,10,2023,51097,8.29,4,44990,88,5037,9.9,1070,2.1
Gwent Police,Gwent,10,2023,7895,6.93,5,7151,90.6,702,8.9,42,0.5
Hampshire Constabulary,Hampshire,10,2023,26418,14.39,7,20694,78.3,4488,17,1236,4.7
Hertfordshire Constabulary,Hertfordshire,10,2023,16551,11.89,5,12733,76.9,3279,19.8,539,3.3
Humberside Police,Humberside,10,2023,14021,9.51,5,11616,82.8,2148,15.3,257,1.8
Kent Police,Kent,10,2023,29045,12.75,5,22631,77.9,5155,17.7,1259,4.3
Lancashire Constabulary,Lancashire,10,2023,25370,9.91,8,21497,84.7,3623,14.3,250,1
Leicestershire Police,Leicestershire,10,2023,18460,13.38,4,15942,86.4,1511,8.2,1007,5.5
Lincolnshire Police,Lincolnshire,10,2023,10154,7.76,4,8884,87.5,1101,10.8,169,1.7
Merseyside Police,Merseyside,10,2023,27098,12.94,4,21639,79.9,3999,14.8,1460,5.4
Metropolitan Police Service,Metropolitan,10,2023,203965,11.29,6,176501,86.5,22026,10.8,5438,2.7
Norfolk Constabulary,Norfolk,10,2023,10939,7.36,5,9506,86.9,1373,12.6,60,0.5
North Wales Police,North-Wales,10,2023,9403,7.52,4,7726,82.2,1596,17,81,0.9
North Yorkshire Police,North-Yorkshire,10,2023,9222,10.72,7,7514,81.5,1570,17,138,1.5
Northamptonshire Police,Northamptonshire,10,2023,12213,7.1,4,10540,86.3,1600,13.1,73,0.6
Northumbria Police,Northumbria,10,2023,25287,11.37,7,21237,84,3343,13.2,707,2.8
Nottinghamshire Police,Nottinghamshire,10,2023,18290,9.89,6,15449,84.5,2524,13.8,317,1.7
Police Scotland,Scotland,10,2023,63724,9.75,5,53958,84.7,8396,13.2,1370,2.1
Police Service of Northern Ireland,Northern-Ireland,10,2023,20247,11.28,7,15326,75.7,4399,21.7,522,2.6
South Wales Police,South-Wales,10,2023,19593,7.8,4,16607,84.8,2624,13.4,362,1.8
South Yorkshire Police,South-Yorkshire,10,2023,23382,11.06,5,18888,80.8,3822,16.3,672,2.9
Staffordshire Police,Staffordshire,10,2023,19664,14.23,5,16419,83.5,2010,10.2,1235,6.3
Suffolk Constabulary,Suffolk,10,2023,10424,11.85,5,9194,88.2,807,7.7,423,4.1
Surrey Police,Surrey,10,2023,14848,16.54,5,11753,79.2,2106,14.2,989,6.7
Sussex Police,Sussex,10,2023,24728,13.05,7,19798,80.1,4040,16.3,890,3.6
Thames Valley Police,Thames-Valley,10,2023,34253,12.92,6,27079,79.1,6039,17.6,1135,3.3
Warwickshire Police,Warwickshire,10,2023,8963,10.71,7,7420,82.8,1440,16.1,103,1.1
West Mercia Police,West-Mercia,10,2023,16076,19.08,8,11562,71.9,3251,20.2,1263,7.9
West Midlands police,West-Midlands,10,2023,68321,8.48,6,59907,87.7,7595,11.1,819,1.2
West Yorkshire Police,West-Yorkshire,10,2023,43216,6.5,4,38349,88.7,4605,10.7,262,0.6
Wiltshire Police,Wiltshire,10,2023,8772,16.35,6,6442,73.4,1772,20.2,558,6.4
Avon and Somerset Constabulary,Avon-and-Somerset,11,2023,25098,12.89,4,20600,82.1,3250,12.9,1248,5
Bedfordshire Police,Bedfordshire,11,2023,10082,12.53,4,8741,86.7,804,8,537,5.3
Cambridgeshire Constabulary,Cambridgeshire,11,2023,11797,18.11,4,9060,76.8,1690,14.3,1047,8.9
Cheshire Constabulary,Cheshire,11,2023,12150,8.11,5,10905,89.8,1059,8.7,186,1.5
Cleveland Police,Cleveland,11,2023,8477,6.97,4,7416,87.5,993,11.7,68,0.8
Cumbria Constabulary,Cumbria,11,2023,5519,7.93,6,4917,89.1,588,10.7,14,0.3
Derbyshire Constabulary,Derbyshire,11,2023,12911,8.01,7,9748,75.5,3146,24.4,17,0.1
Devon & Cornwall Police,Devon-and-Cornwall,11,2023,22729,11.78,8,18215,80.1,3914,17.2,600,2.6
Dorset Police,Dorset,11,2023,9880,10.8,8,7417,75.1,2323,23.5,140,1.4
Durham Constabulary,Durham,11,2023,7759,12.14,8,6182,79.7,1343,17.3,234,3
Dyfed-Powys Police,Dyfed-Powys,11,2023,4897,8.48,4,4111,83.9,690,14.1,96,2
Essex Police,Essex,11,2023,24028,11.11,6,19782,82.3,3548,14.8,698,2.9
Gloucestershire Constabulary,Gloucestershire,11,2023,6969,8.32,6,5951,85.4,959,13.8,59,0.8
Greater Manchester Police,Greater-Manchester,11,2023,44491,5.91,4,41798,93.9,2373,5.3,320,0.7
Gwent Police,Gwent,11,2023,6961,6.01,5,6504,93.4,435,6.2,22,0.3
Hampshire Constabulary,Hampshire,11,2023,22990,11.64,7,19315,84,3042,13.2,633,2.8
Hertfordshire Constabulary,Hertfordshire,11,2023,14551,9.45,5,12118,83.3,2174,14.9,259,1.8
Humberside Police,Humberside,11,2023,12292,8.29,5,10642,86.6,1479,12,171,1.4
Kent Police,Kent,11,2023,25585,10.44,5,21459,83.9,3333,13,793,3.1
Lancashire Constabulary,Lancashire,11,2023,21757,8.5,7,19169,88.1,2546,11.7,42,0.2
Leicestershire Police,Leicestershire,11,2023,16750,9.79,4,15065,89.9,1101,6.6,584,3.5
Lincolnshire Police,Lincolnshire,11,2023,8576,5.93,4,7878,91.9,637,7.4,61,0.7
Merseyside Police,Merseyside,11,2023,22593,8.96,4,19489,86.3,2481,11,623,2.8
Metropolitan Police Service,Metropolitan,11,2023,187606,12.74,6,157048,83.7,23381,12.5,7177,3.8
Norfolk Constabulary,Norfolk,11,2023,9947,6.85,5,8869,89.2,1037,10.4,41,0.4
North Wales Police,North-Wales,11,2023,8015,6.51,4,6912,86.2,1059,13.2,44,0.5
North Yorkshire Police,North-Yorkshire,11,2023,8750,10.87,7,7098,81.1,1536,17.6,116,1.3
Northamptonshire Police,Northamptonshire,11,2023,11111,5.92,4,10159,91.4,913,8.2,39,0.4
Northumbria Police,Northumbria,11,2023,22913,8.92,7,20330,88.7,2281,10,302,1.3
Nottinghamshire Police,Nottinghamshire,11,2023,15928,8.03,6,14294,89.7,1481,9.3,153,1
Police Scotland,Scotland,11,2023,57852,9.21,5,49537,85.6,7314,12.6,1001,1.7
Police Service of Northern Ireland,Northern-Ireland,11,2023,16851,8.66,6,13866,82.3,2806,16.7,179,1.1
South Wales Police,South-Wales,11,2023,17613,7.31,3,15399,87.4,1913,10.9,301,1.7
South Yorkshire Police,South-Yorkshire,11,2023,21053,7.98,5,18234,86.6,2620,12.4,199,0.9
Staffordshire Police,Staffordshire,11,2023,17034,12.22,5,14733,86.5,1521,8.9,780,4.6
Suffolk Constabulary,Suffolk,11,2023,9328,8.99,5,8526,91.4,561,6,241,2.6
Surrey Police,Surrey,11,2023,13208,11.2,5,11377,86.1,1376,10.4,455,3.4
Sussex Police,Sussex,11,2023,21953,8.45,6,20033,91.3,1607,7.3,313,1.4
Thames Valley Police,Thames-Valley,11,2023,30786,11.82,6,25029,81.3,4844,15.7,913,3
Warwickshire Police,Warwickshire,11,2023,7837,9.96,7,6741,86,1010,12.9,86,1.1
West Mercia Police,West-Mercia,11,2023,13988,14.38,8,10915,78,2498,17.9,575,4.1
West Midlands police,West-Midlands,11,2023,62207,7.03,5,57506,92.4,4392,7.1,309,0.5
West Yorkshire Police,West-Yorkshire,11,2023,38027,5.84,4,35047,92.2,2779,7.3,201,0.5
Wiltshire Police,Wiltshire,11,2023,7868,16.67,5,6032,76.7,1370,17.4,466,5.9
Avon and Somerset Constabulary,Avon-and-Somerset,12,2023,25768,13.33,4,21044,81.7,3352,13,1372,5.3
Bedfordshire Police,Bedfordshire,12,2023,9794,13.04,4,8455,86.3,789,8.1,550,5.6
Cambridgeshire Constabulary,Cambridgeshire,12,2023,12405,17.79,4,9561,77.1,1763,14.2,1081,8.7
Cheshire Constabulary,Cheshire,12,2023,12509,8.46,5,11260,90,1014,8.1,235,1.9
Cleveland Police,Cleveland,12,2023,9017,7.25,4,7870,87.3,1053,11.7,94,1
Cumbria Constabulary,Cumbria,12,2023,5697,7.68,6,5151,90.4,535,9.4,11,0.2
Derbyshire Constabulary,Derbyshire,12,2023,14240,7.57,7,11272,79.2,2948,20.7,20,0.1
Devon & Cornwall Police,Devon-and-Cornwall,12,2023,23072,10.19,8,19268,83.5,3419,14.8,385,1.7
Dorset Police,Dorset,12,2023,10131,13.77,8,7254,71.6,2522,24.9,355,3.5
Durham Constabulary,Durham,12,2023,8228,12.23,8,6493,78.9,1486,18.1,249,3
Dyfed-Powys Police,Dyfed-Powys,12,2023,5247,8.66,4,4313,82.2,840,16,94,1.8
Essex Police,Essex,12,2023,25157,11.2,6,21116,83.9,3271,13,770,3.1
Gloucestershire Constabulary,Gloucestershire,12,2023,7254,8.64,6,6225,85.8,950,13.1,79,1.1
Greater Manchester Police,Greater-Manchester,12,2023,45860,6.03,4,42842,93.4,2713,5.9,305,0.7
Gwent Police,Gwent,12,2023,7219,6.06,5,6770,93.8,433,6,16,0.2
Hampshire Constabulary,Hampshire,12,2023,23251,10.86,7,19778,85.1,3001,12.9,472,2
Hertfordshire Constabulary,Hertfordshire,12,2023,15141,10,5,12675,83.7,2107,13.9,359,2.4
Humberside Police,Humberside,12,2023,12904,6.7,5,11747,91,1085,8.4,72,0.6
Kent Police,Kent,12,2023,25765,10.15,5,21764,84.5,3277,12.7,724,2.8
Lancashire Constabulary,Lancashire,12,2023,22457,8.82,7,19531,87,2843,12.7,83,0.4
Leicestershire Police,Leicestershire,12,2023,16851,8.38,4,15560,92.3,876,5.2,415,2.5
Lincolnshire Police,Lincolnshire,12,2023,9010,5.52,4,8367,92.9,601,6.7,42,0.5
Merseyside Police,Merseyside,12,2023,22858,9.45,4,19975,87.4,2209,9.7,674,2.9
Metropolitan Police Service,Metropolitan,12,2023,184692,12.92,6,152601,82.6,24801,13.4,7290,3.9
Norfolk Constabulary,Norfolk,12,2023,10353,6.47,5,9389,90.7,927,9,37,0.4
North Wales Police,North-Wales,12,2023,8636,6.89,4,7373,85.4,1179,13.7,84,1
North Yorkshire Police,North-Yorkshire,12,2023,8659,9.97,7,7357,85,1208,14,94,1.1
Northamptonshire Police,Northamptonshire,12,2023,11318,6.26,4,10233,90.4,1031,9.1,54,0.5
Northumbria Police,Northumbria,12,2023,23475,10.85,7,20106,85.6,2740,11.7,629,2.7
Nottinghamshire Police,Nottinghamshire,12,2023,16794,8.1,5,15069,89.7,1535,9.1,190,1.1
Police Scotland,Scotland,12,2023,60527,9.87,5,51966,85.9,7097,11.7,1464,2.4
Police Service of Northern Ireland,Northern-Ireland,12,2023,18301,8.5,7,15111,82.6,3025,16.5,165,0.9
South Wales Police,South-Wales,12,2023,18409,8.49,4,15893,86.3,2075,11.3,441,2.4
South Yorkshire Police,South-Yorkshire,12,2023,21914,8.8,5,19058,87,2497,11.4,359,1.6
Staffordshire Police,Staffordshire,12,2023,18156,9.21,4,16264,89.6,1362,7.5,530,2.9
Suffolk Constabulary,Suffolk,12,2023,9380,8.5,5,8533,91,661,7,186,2
Surrey Police,Surrey,12,2023,13311,8.77,5,11921,89.6,1125,8.5,265,2
Sussex Police,Sussex,12,2023,21467,7.55,5,20148,93.9,1091,5.1,228,1.1
Thames Valley Police,Thames-Valley,12,2023,30355,11.4,6,25084,82.6,4426,14.6,845,2.8
Warwickshire Police,Warwickshire,12,2023,8177,11.76,7,6833,83.6,1154,14.1,190,2.3
West Mercia Police,West-Mercia,12,2023,15352,18.46,8,11221,73.1,3000,19.5,1131,7.4
West Midlands police,West-Midlands,12,2023,63885,7.32,5,58724,91.9,4674,7.3,487,0.8
West Yorkshire Police,West-Yorkshire,12,2023,39122,6.7,4,35833,91.6,3077,7.9,212,0.5
Wiltshire Police,Wiltshire,12,2023,8254,11.36,5,6776,82.1,1208,14.6,270,3.3
Avon and Somerset Constabulary,Avon-and-Somerset,1,2024,23615,10.05,4,20111,85.2,2754,11.7,750,3.2
Bedfordshire Police,Bedfordshire,1,2024,9447,13.05,4,8168,86.5,760,8,519,5.5
Cambridgeshire Constabulary,Cambridgeshire,1,2024,11509,11.45,4,9736,84.6,1287,11.2,486,4.2
Cheshire Constabulary,Cheshire,1,2024,10952,8.19,5,9937,90.7,836,7.6,179,1.6
Cleveland Police,Cleveland,1,2024,7812,7.43,4,6897,88.3,812,10.4,103,1.3
Cumbria Constabulary,Cumbria,1,2024,5360,7.73,6,4839,90.3,505,9.4,16,0.3
Derbyshire Constabulary,Derbyshire,1,2024,12289,7.06,6,10303,83.8,1978,16.1,8,0.1
Devon & Cornwall Police,Devon-and-Cornwall,1,2024,21261,10.43,8,17559,82.6,3337,15.7,365,1.7
Dorset Police,Dorset,1,2024,10185,11.34,8,7671,75.3,2312,22.7,202,2
Durham Constabulary,Durham,1,2024,7089,9.56,7,6032,85.1,978,13.8,79,1.1
Dyfed-Powys Police,Dyfed-Powys,1,2024,4816,8.46,4,4021,83.5,718,14.9,77,1.6
Essex Police,Essex,1,2024,24110,14.14,5,19299,80,3415,14.2,1396,5.8
Gloucestershire Constabulary,Gloucestershire,1,2024,7052,8.63,6,6001,85.1,982,13.9,69,1
Greater Manchester Police,Greater-Manchester,1,2024,41774,5.55,4,39787,95.2,1756,4.2,231,0.6
Gwent Police,Gwent,1,2024,6714,5.96,5,6291,93.7,409,6.1,14,0.2
Hampshire Constabulary,Hampshire,1,2024,22357,9.11,7,19770,88.4,2378,10.6,209,0.9
Hertfordshire Constabulary,Hertfordshire,1,2024,13848,9.18,5,11779,85.1,1809,13.1,260,1.9
Humberside Police,Humberside,1,2024,11560,6.29,5,10596,91.7,922,8,42,0.4
Kent Police,Kent,1,2024,24361,6.33,5,22660,93,1554,6.4,147,0.6
Lancashire Constabulary,Lancashire,1,2024,20776,9.2,7,17693,85.2,2982,14.4,101,0.5
Leicestershire Police,Leicestershire,1,2024,16135,8.59,4,14814,91.8,914,5.7,407,2.5
Lincolnshire Police,Lincolnshire,1,2024,8081,5.34,4,7556,93.5,487,6,38,0.5
Merseyside Police,Merseyside,1,2024,21588,6.32,4,19838,91.9,1527,7.1,223,1
Metropolitan Police Service,Metropolitan,1,2024,174023,10.28,6,151335,87,18707,10.7,3981,2.3
Norfolk Constabulary,Norfolk,1,2024,9651,6.66,5,8682,90,925,9.6,44,0.5
North Wales Police,North-Wales,1,2024,8030,7.34,4,6771,84.3,1176,14.6,83,1
North Yorkshire Police,North-Yorkshire,1,2024,7747,10.21,7,6527,84.3,1123,14.5,97,1.3
Northamptonshire Police,Northamptonshire,1,2024,10685,6.2,4,9574,89.6,1075,10.1,36,0.3
Northumbria Police,Northumbria,1,2024,20539,9.94,7,17691,86.1,2480,12.1,368,1.8
Nottinghamshire Police,Nottinghamshire,1,2024,15929,7.99,5,14246,89.4,1526,9.6,157,1
Police Scotland,Scotland,1,2024,54237,8.58,5,47892,88.3,5567,10.3,778,1.4
Police Service of Northern Ireland,Northern-Ireland,1,2024,16704,14.23,7,13202,79,2904,17.4,598,3.6
South Wales Police,South-Wales,1,2024,17168,9.44,4,14587,85,2048,11.9,533,3.1
South Yorkshire Police,South-Yorkshire,1,2024,20687,7.07,5,18619,90,1950,9.4,118,0.6
Staffordshire Police,Staffordshire,1,2024,16384,9.27,4,14719,89.8,1176,7.2,489,3
Suffolk Constabulary,Suffolk,1,2024,8624,9.97,5,7904,91.7,486,5.6,234,2.7
Surrey Police,Surrey,1,2024,12071,7.18,5,11214,92.9,739,6.1,118,1
Sussex Police,Sussex,1,2024,20054,6.41,5,19198,95.7,790,3.9,66,0.3
Thames Valley Police,Thames-Valley,1,2024,28927,11.56,6,23805,82.3,4304,14.9,818,2.8
Warwickshire Police,Warwickshire,1,2024,7744,9.61,7,6701,86.5,983,12.7,60,0.8
West Mercia Police,West-Mercia,1,2024,13162,16.07,8,10125,76.9,2421,18.4,616,4.7
West Midlands police,West-Midlands,1,2024,59047,7.64,5,53583,90.7,5036,8.5,428,0.7
West Yorkshire Police,West-Yorkshire,1,2024,35340,5.22,4,32945,93.2,2324,6.6,71,0.2
Wiltshire Police,Wiltshire,1,2024,7904,14.09,5,6116,77.4,1368,17.3,420,5.3
Avon and Somerset Constabulary,Avon-and-Somerset,2,2024,23142,14.46,4,18435,79.7,3317,14.3,1390,6
Bedfordshire Police,Bedfordshire,2,2024,9031,11.07,4,7970,88.3,651,7.2,410,4.5
Cambridgeshire Constabulary,Cambridgeshire,2,2024,10983,8.07,4,9792,89.2,962,8.8,229,2.1
Cheshire Constabulary,Cheshire,2,2024,10375,8.49,6,9349,90.1,893,8.6,133,1.3
Cleveland Police,Cleveland,2,2024,8072,7.22,5,7012,86.9,993,12.3,67,0.8
Cumbria Constabulary,Cumbria,2,2024,4774,7.91,6,4308,90.2,450,9.4,16,0.3
Derbyshire Constabulary,Derbyshire,2,2024,12206,6.51,6,10716,87.8,1481,12.1,9,0.1
Devon & Cornwall Police,Devon-and-Cornwall,2,2024,21224,10.99,8,17496,82.4,3230,15.2,498,2.3
Dorset Police,Dorset,2,2024,9258,10.41,8,7111,76.8,2025,21.9,122,1.3
Durham Constabulary,Durham,2,2024,7104,10.25,7,5863,82.5,1123,15.8,118,1.7
Dyfed-Powys Police,Dyfed-Powys,2,2024,4569,9.87,4,3677,80.5,776,17,116,2.5
Essex Police,Essex,2,2024,22634,12.85,4,18022,79.6,3411,15.1,1201,5.3
Gloucestershire Constabulary,Gloucestershire,2,2024,6585,8.8,6,5495,83.4,1035,15.7,55,0.8
Greater Manchester Police,Greater-Manchester,2,2024,41285,6.95,4,37577,91,3221,7.8,487,1.2
Gwent Police,Gwent,2,2024,6515,6.01,5,6131,94.1,345,5.3,39,0.6
Hampshire Constabulary,Hampshire,2,2024,21082,9.7,7,18308,86.8,2511,11.9,263,1.2
Hertfordshire Constabulary,Hertfordshire,2,2024,13381,9.8,5,11228,83.9,1855,13.9,298,2.2
Humberside Police,Humberside,2,2024,11657,6.83,5,10532,90.3,1042,8.9,83,0.7
Kent Police,Kent,2,2024,23659,5.78,4,22293,94.2,1274,5.4,92,0.4
Lancashire Constabulary,Lancashire,2,2024,20210,9.41,8,17228,85.2,2863,14.2,119,0.6
Leicestershire Police,Leicestershire,2,2024,14971,11.88,4,13302,88.9,1000,6.7,669,4.5
Lincolnshire Police,Lincolnshire,2,2024,7870,5.42,4,7377,93.7,456,5.8,37,0.5
Merseyside Police,Merseyside,2,2024,21215,7.2,4,18834,88.8,2098,9.9,283,1.3
Metropolitan Police Service,Metropolitan,2,2024,173090,11.43,6,146811,84.8,21041,12.2,5238,3
Norfolk Constabulary,Norfolk,2,2024,9082,7.27,5,8004,88.1,1013,11.2,65,0.7
North Wales Police,North-Wales,2,2024,7642,7.19,4,6434,84.2,1138,14.9,70,0.9
North Yorkshire Police,North-Yorkshire,2,2024,8199,9.79,7,6836,83.4,1311,16,52,0.6
Northamptonshire Police,Northamptonshire,2,2024,10705,6.25,4,9567,89.4,1105,10.3,33,0.3
Northumbria Police,Northumbria,2,2024,20368,11.02,7,17331,85.1,2532,12.4,505,2.5
Nottinghamshire Police,Nottinghamshire,2,2024,15424,7.48,5,14030,91,1280,8.3,114,0.7
Police Scotland,Scotland,2,2024,54461,9.19,5,46890,86.1,6633,12.2,938,1.7
Police Service of Northern Ireland,Northern-Ireland,2,2024,15671,8.95,7,12691,81,2786,17.8,194,1.2
South Wales Police,South-Wales,2,2024,16949,8.07,4,14911,88,1650,9.7,388,2.3
South Yorkshire Police,South-Yorkshire,2,2024,20744,8.33,5,18004,86.8,2507,12.1,233,1.1
Staffordshire Police,Staffordshire,2,2024,16676,10.2,5,14725,88.3,1376,8.3,575,3.4
Suffolk Constabulary,Suffolk,2,2024,8097,10.53,5,7203,89,630,7.8,264,3.3
Surrey Police,Surrey,2,2024,11761,5.99,5,11225,95.4,503,4.3,33,0.3
Sussex Police,Sussex,2,2024,19596,7.44,5,18481,94.3,897,4.6,218,1.1
Thames Valley Police,Thames-Valley,2,2024,27154,9.73,6,23386,86.1,3347,12.3,421,1.6
Warwickshire Police,Warwickshire,2,2024,7302,10.38,7,6237,85.4,949,13,116,1.6
West Mercia Police,West-Mercia,2,2024,13008,16.21,8,9943,76.4,2345,18,720,5.5
West Midlands police,West-Midlands,2,2024,57666,7.09,5,53021,91.9,4378,7.6,267,0.5
West Yorkshire Police,West-Yorkshire,2,2024,35618,5.82,4,32612,91.6,2858,8,148,0.4
Wiltshire Police,Wiltshire,2,2024,7414,12.98,5,6004,81,1060,14.3,350,4.7
Avon and Somerset Constabulary,Avon-and-Somerset,3,2024,25473,14.32,4,20285,79.6,3669,14.4,1519,6
Bedfordshire Police,Bedfordshire,3,2024,9748,8.12,4,8964,92,545,5.6,239,2.5
Cambridgeshire Constabulary,Cambridgeshire,3,2024,11766,7.75,4,10563,89.8,983,8.4,220,1.9
Cheshire Constabulary,Cheshire,3,2024,11384,8.08,5,10253,90.1,965,8.5,166,1.5
Cleveland Police,Cleveland,3,2024,9068,7.25,5,7833,86.4,1177,13,58,0.6
Cumbria Constabulary,Cumbria,3,2024,5307,7.99,6,4822,90.9,459,8.6,26,0.5
Derbyshire Constabulary,Derbyshire,3,2024,13651,7.09,6,11316,82.9,2331,17.1,4,0
Devon & Cornwall Police,Devon-and-Cornwall,3,2024,22982,10.35,8,19376,84.3,3197,13.9,409,1.8
Dorset Police,Dorset,3,2024,10288,10.09,7,8723,84.8,1413,13.7,152,1.5
Durham Constabulary,Durham,3,2024,7915,10.96,7,6514,82.3,1237,15.6,164,2.1
Dyfed-Powys Police,Dyfed-Powys,3,2024,5019,11.42,4,3870,77.1,971,19.3,178,3.5
Essex Police,Essex,3,2024,25483,11.89,4,20507,80.5,3827,15,1149,4.5
Gloucestershire Constabulary,Gloucestershire,3,2024,7409,9.6,6,5997,80.9,1320,17.8,92,1.2
Greater Manchester Police,Greater-Manchester,3,2024,44691,7.97,4,39754,89,4155,9.3,782,1.7
Gwent Police,Gwent,3,2024,7346,7.14,4,6744,91.8,498,6.8,104,1.4
Hampshire Constabulary,Hampshire,3,2024,22822,9.65,7,19888,87.1,2652,11.6,282,1.2
Hertfordshire Constabulary,Hertfordshire,3,2024,14094,8.08,5,12344,87.6,1586,11.3,164,1.2
Humberside Police,Humberside,3,2024,12616,6.66,5,11416,90.5,1134,9,66,0.5
Kent Police,Kent,3,2024,26880,5.45,4,25321,94.2,1467,5.5,92,0.3
Lancashire Constabulary,Lancashire,3,2024,22144,9.2,7,18959,85.6,3062,13.8,123,0.6
Leicestershire Police,Leicestershire,3,2024,15947,9.45,4,14511,91,953,6,483,3
Lincolnshire Police,Lincolnshire,3,2024,8873,5.86,4,8207,92.5,601,6.8,65,0.7
Merseyside Police,Merseyside,3,2024,22245,7.42,4,19651,88.3,2265,10.2,329,1.5
Metropolitan Police Service,Metropolitan,3,2024,184642,10.92,6,159154,86.2,20519,11.1,4969,2.7
Norfolk Constabulary,Norfolk,3,2024,9646,6.48,5,8770,90.9,850,8.8,26,0.3
North Wales Police,North-Wales,3,2024,8262,6.6,4,7195,87.1,1016,12.3,51,0.6
North Yorkshire Police,North-Yorkshire,3,2024,8295,9.86,7,6801,82,1446,17.4,48,0.6
Northamptonshire Police,Northamptonshire,3,2024,11439,6.1,4,10408,91,989,8.6,42,0.4
Northumbria Police,Northumbria,3,2024,22028,11.78,6,19071,86.6,2197,10,760,3.5
Nottinghamshire Police,Nottinghamshire,3,2024,16736,9.02,5,14551,86.9,1925,11.5,260,1.6
Police Scotland,Scotland,3,2024,60979,10.1,5,50772,83.3,8886,14.6,1321,2.2
Police Service of Northern Ireland,Northern-Ireland,3,2024,17334,8.73,6,14200,81.9,2940,17,194,1.1
South Wales Police,South-Wales,3,2024,18493,9.58,4,15742,85.1,2181,11.8,570,3.1
South Yorkshire Police,South-Yorkshire,3,2024,21537,8.27,5,18334,85.1,2998,13.9,205,1
Staffordshire Police,Staffordshire,3,2024,17766,11.87,5,15220,85.7,1730,9.7,816,4.6
Suffolk Constabulary,Suffolk,3,2024,8669,9.47,5,7823,90.2,623,7.2,223,2.6
Surrey Police,Surrey,3,2024,12377,6.56,5,11589,93.6,730,5.9,58,0.5
Sussex Police,Sussex,3,2024,22403,6.81,5,21220,94.7,1026,4.6,157,0.7
Thames Valley Police,Thames-Valley,3,2024,29552,11.19,7,25049,84.8,3667,12.4,836,2.8
Warwickshire Police,Warwickshire,3,2024,7532,9.19,7,6554,87,935,12.4,43,0.6
West Mercia Police,West-Mercia,3,2024,13983,14.54,8,10800,77.2,2563,18.3,620,4.4
West Midlands police,West-Midlands,3,2024,61353,7.41,6,55638,90.7,5413,8.8,302,0.5
West Yorkshire Police,West-Yorkshire,3,2024,39716,6.15,4,36566,92.1,2937,7.4,213,0.5
Wiltshire Police,Wiltshire,3,2024,8019,15.39,5,6214,77.5,1286,16,519,6.5
Avon and Somerset Constabulary,Avon-and-Somerset,4,2024,25202,14.43,4,19522,77.5,4165,16.5,1515,6
Bedfordshire Police,Bedfordshire,4,2024,9353,8.82,4,8435,90.2,638,6.8,280,3
Cambridgeshire Constabulary,Cambridgeshire,4,2024,11301,6.44,4,10487,92.8,683,6,131,1.2
Cheshire Constabulary,Cheshire,4,2024,11539,7.67,5,10388,90,1005,8.7,146,1.3
Cleveland Police,Cleveland,4,2024,8730,7.37,5,7479,85.7,1189,13.6,62,0.7
Cumbria Constabulary,Cumbria,4,2024,5035,7.7,6,4543,90.2,478,9.5,14,0.3
Derbyshire Constabulary,Derbyshire,4,2024,13522,7.24,6,11044,81.7,2465,18.2,13,0.1
Devon & Cornwall Police,Devon-and-Cornwall,4,2024,22228,9.68,8,19035,85.6,2926,13.2,267,1.2
Dorset Police,Dorset,4,2024,9323,10.31,7,8045,86.3,1113,11.9,165,1.8
Durham Constabulary,Durham,4,2024,7845,12.09,8,6242,79.6,1383,17.6,220,2.8
Dyfed-Powys Police,Dyfed-Powys,4,2024,5130,13.01,5,3745,73,1153,22.5,232,4.5
Essex Police,Essex,4,2024,23782,11.35,4,18902,79.5,3869,16.3,1011,4.3
Gloucestershire Constabulary,Gloucestershire,4,2024,7068,10.19,6,5549,78.5,1401,19.8,118,1.7
Greater Manchester Police,Greater-Manchester,4,2024,45729,7.94,4,41251,90.2,3599,7.9,879,1.9
Gwent Police,Gwent,4,2024,7071,6.18,4,6618,93.6,392,5.5,61,0.9
Hampshire Constabulary,Hampshire,4,2024,21255,9.19,7,18722,88.1,2340,11,193,0.9
Hertfordshire Constabulary,Hertfordshire,4,2024,14015,9.23,5,11899,84.9,1864,13.3,252,1.8
Humberside Police,Humberside,4,2024,12052,6.28,5,11046,91.7,962,8,44,0.4
Kent Police,Kent,4,2024,25455,5.62,4,23934,94,1389,5.5,132,0.5
Lancashire Constabulary,Lancashire,4,2024,22228,8.5,7,19742,88.8,2345,10.5,141,0.6
Leicestershire Police,Leicestershire,4,2024,14843,4.93,4,14318,96.5,468,3.2,57,0.4
Lincolnshire Police,Lincolnshire,4,2024,8133,5,3,7693,94.6,400,4.9,40,0.5
Merseyside Police,Merseyside,4,2024,21693,6.82,4,19498,89.9,1917,8.8,278,1.3
Metropolitan Police Service,Metropolitan,4,2024,176118,10.91,6,151191,85.8,20419,11.6,4508,2.6
Norfolk Constabulary,Norfolk,4,2024,9598,6.93,5,8677,90.4,867,9,54,0.6
North Wales Police,North-Wales,4,2024,8406,7.12,4,7037,83.7,1309,15.6,60,0.7
North Yorkshire Police,North-Yorkshire,4,2024,8879,10.19,7,7254,81.7,1550,17.5,75,0.8
Northamptonshire Police,Northamptonshire,4,2024,10393,5.5,4,9632,92.7,749,7.2,12,0.1
Northumbria Police,Northumbria,4,2024,21920,11.23,6,19132,87.3,2060,9.4,728,3.3
Nottinghamshire Police,Nottinghamshire,4,2024,16723,8.94,5,14519,86.8,1941,11.6,263,1.6
Police Scotland,Scotland,4,2024,58592,10.55,6,47836,81.6,9366,16,1390,2.4
Police Service of Northern Ireland,Northern-Ireland,4,2024,17301,8.98,6,14109,81.6,3001,17.3,191,1.1
South Wales Police,South-Wales,4,2024,17380,6.94,4,15589,89.7,1550,8.9,241,1.4
South Yorkshire Police,South-Yorkshire,4,2024,20821,7.47,5,18114,87,2596,12.5,111,0.5
Staffordshire Police,Staffordshire,4,2024,17339,13.48,5,14770,85.2,1562,9,1007,5.8
Suffolk Constabulary,Suffolk,4,2024,8370,8.39,5,7641,91.3,566,6.8,163,1.9
Surrey Police,Surrey,4,2024,11976,6.81,5,11094,92.6,805,6.7,77,0.6
Sussex Police,Sussex,4,2024,21178,7.04,5,19830,93.6,1136,5.4,212,1
Thames Valley Police,Thames-Valley,4,2024,28232,10.46,7,24055,85.2,3663,13,514,1.8
Warwickshire Police,Warwickshire,4,2024,7648,9.24,7,6642,86.8,951,12.4,55,0.7
West Mercia Police,West-Mercia,4,2024,13439,13.9,8,10452,77.8,2451,18.2,536,4
West Midlands police,West-Midlands,4,2024,59674,7.62,6,53679,90,5625,9.4,370,0.6
West Yorkshire Police,West-Yorkshire,4,2024,38046,6.14,4,34572,90.9,3302,8.7,172,0.5
Wiltshire Police,Wiltshire,4,2024,7612,13.22,5,6167,81,1064,14,381,5
Avon and Somerset Constabulary,Avon-and-Somerset,5,2024,27144,12.64,4,21717,80,4101,15.1,1326,4.9
Bedfordshire Police,Bedfordshire,5,2024,10687,12.57,4,9205,86.1,901,8.4,581,5.4
Cambridgeshire Constabulary,Cambridgeshire,5,2024,12850,7.31,4,11606,90.3,1052,8.2,192,1.5
Cheshire Constabulary,Cheshire,5,2024,13013,8.5,5,11331,87.1,1467,11.3,215,1.7
Cleveland Police,Cleveland,5,2024,10342,8.7,5,8500,82.2,1725,16.7,117,1.1
Cumbria Constabulary,Cumbria,5,2024,6670,8.52,7,5764,86.4,873,13.1,33,0.5
Derbyshire Constabulary,Derbyshire,5,2024,14965,7.51,6,11889,79.4,3062,20.5,14,0.1
Devon & Cornwall Police,Devon-and-Cornwall,5,2024,26572,10.43,8,22330,84,3786,14.2,456,1.7
Dorset Police,Dorset,5,2024,11036,11.29,7,9407,85.2,1356,12.3,273,2.5
Durham Constabulary,Durham,5,2024,8689,14.75,8,6566,75.6,1711,19.7,412,4.7
Dyfed-Powys Police,Dyfed-Powys,5,2024,5702,12.09,4,4388,77,1088,19.1,226,4
Essex Police,Essex,5,2024,26920,12.67,4,20812,77.3,4778,17.7,1330,4.9
Gloucestershire Constabulary,Gloucestershire,5,2024,7773,8.94,6,6174,79.4,1554,20,45,0.6
Greater Manchester Police,Greater-Manchester,5,2024,52498,8.57,4,46073,87.8,5257,10,1168,2.2
Gwent Police,Gwent,5,2024,7991,6.49,4,7403,92.6,522,6.5,66,0.8
Hampshire Constabulary,Hampshire,5,2024,25353,11.07,7,19956,78.7,4970,19.6,427,1.7
Hertfordshire Constabulary,Hertfordshire,5,2024,15865,11.04,5,12836,80.9,2577,16.2,452,2.8
Humberside Police,Humberside,5,2024,13651,6.17,5,12608,92.4,999,7.3,44,0.3
Kent Police,Kent,5,2024,28415,5.94,4,26426,93,1811,6.4,178,0.6
Lancashire Constabulary,Lancashire,5,2024,25870,9.68,7,22189,85.8,3349,12.9,332,1.3
Leicestershire Police,Leicestershire,5,2024,16278,6.77,4,15288,93.9,743,4.6,247,1.5
Lincolnshire Police,Lincolnshire,5,2024,9817,5.72,3,8988,91.6,770,7.8,59,0.6
Merseyside Police,Merseyside,5,2024,24056,7,4,21363,88.8,2398,10,295,1.2
Metropolitan Police Service,Metropolitan,5,2024,196867,12.05,6,163466,83,26791,13.6,6610,3.4
Norfolk Constabulary,Norfolk,5,2024,11017,6.62,5,9962,90.4,1019,9.2,36,0.3
North Wales Police,North-Wales,5,2024,9813,7.6,4,8181,83.4,1525,15.5,107,1.1
North Yorkshire Police,North-Yorkshire,5,2024,9938,10.38,7,8080,81.3,1769,17.8,89,0.9
Northamptonshire Police,Northamptonshire,5,2024,12459,5.92,4,11253,90.3,1181,9.5,25,0.2
Northumbria Police,Northumbria,5,2024,23988,10.48,6,21003,87.6,2362,9.8,623,2.6
Nottinghamshire Police,Nottinghamshire,5,2024,18396,8.81,5,15913,86.5,2226,12.1,257,1.4
Police Scotland,Scotland,5,2024,68529,12.12,6,53388,77.9,12722,18.6,2419,3.5
Police Service of Northern Ireland,Northern-Ireland,5,2024,20440,9.89,6,16484,80.6,3588,17.6,368,1.8
South Wales Police,South-Wales,5,2024,20252,8.61,4,17821,88,1892,9.3,539,2.7
South Yorkshire Police,South-Yorkshire,5,2024,23487,8.52,5,19670,83.7,3579,15.2,238,1
Staffordshire Police,Staffordshire,5,2024,19185,15.01,5,15663,81.6,2243,11.7,1279,6.7
Suffolk Constabulary,Suffolk,5,2024,9524,9.05,5,8596,90.3,711,7.5,217,2.3
Surrey Police,Surrey,5,2024,13811,8.91,5,12155,88,1399,10.1,257,1.9
Sussex Police,Sussex,5,2024,24236,5.44,4,22910,94.5,1195,4.9,131,0.5
Thames Valley Police,Thames-Valley,5,2024,32491,11.44,7,26756,82.3,5012,15.4,723,2.2
Warwickshire Police,Warwickshire,5,2024,8780,9.74,7,7428,84.6,1272,14.5,80,0.9
West Mercia Police,West-Mercia,5,2024,15361,15.75,8,11511,74.9,3028,19.7,822,5.4
West Midlands police,West-Midlands,5,2024,66271,7.85,6,58316,88,7603,11.5,352,0.5
West Yorkshire Police,West-Yorkshire,5,2024,43795,6.24,4,38916,88.9,4732,10.8,147,0.3
Wiltshire Police,Wiltshire,5,2024,8663,14.63,5,6760,78,1398,16.1,505,5.8
Avon and Somerset Constabulary,Avon-and-Somerset,6,2024,28516,12.7,4,22779,79.9,4423,15.5,1314,4.6
Bedfordshire Police,Bedfordshire,6,2024,10679,10.43,4,9329,87.4,907,8.5,443,4.1
Cambridgeshire Constabulary,Cambridgeshire,6,2024,12686,7.86,4,11392,89.8,1038,8.2,256,2
Cheshire Constabulary,Cheshire,6,2024,12438,9.08,5,10837,87.1,1310,10.5,291,2.3
Cleveland Police,Cleveland,6,2024,9747,8.39,6,8127,83.4,1538,15.8,82,0.8
Cumbria Constabulary,Cumbria,6,2024,6294,8.12,6,5573,88.5,703,11.2,18,0.3
Derbyshire Constabulary,Derbyshire,6,2024,15031,7.48,6,11851,78.8,3171,21.1,9,0.1
Devon & Cornwall Police,Devon-and-Cornwall,6,2024,26690,11.78,7,22165,83,3785,14.2,740,2.8
Dorset Police,Dorset,6,2024,11450,13.6,7,9346,81.6,1616,14.1,488,4.3
Durham Constabulary,Durham,6,2024,8558,13.86,8,6479,75.7,1730,20.2,349,4.1
Dyfed-Powys Police,Dyfed-Powys,6,2024,5240,8.2,4,4362,83.2,806,15.4,72,1.4
Essex Police,Essex,6,2024,27410,14.3,4,21262,77.6,4446,16.2,1702,6.2
Gloucestershire Constabulary,Gloucestershire,6,2024,7477,8.81,6,6207,83,1222,16.3,48,0.6
Greater Manchester Police,Greater-Manchester,6,2024,49619,7.42,4,44898,90.5,3924,7.9,797,1.6
Gwent Police,Gwent,6,2024,7595,6.71,4,7075,93.2,427,5.6,93,1.2
Hampshire Constabulary,Hampshire,6,2024,25341,11.11,7,21114,83.3,3640,14.4,587,2.3
Hertfordshire Constabulary,Hertfordshire,6,2024,15594,12.49,5,12066,77.4,2944,18.9,584,3.7
Humberside Police,Humberside,6,2024,12980,5.9,4,12171,93.8,769,5.9,40,0.3
Kent Police,Kent,6,2024,28963,5.8,4,27017,93.3,1796,6.2,150,0.5
Lancashire Constabulary,Lancashire,6,2024,24041,9.15,7,20646,85.9,3191,13.3,204,0.8
Leicestershire Police,Leicestershire,6,2024,16555,6.87,4,15488,93.6,818,4.9,249,1.5
Lincolnshire Police,Lincolnshire,6,2024,9324,4.73,3,8833,94.7,461,4.9,30,0.3
Merseyside Police,Merseyside,6,2024,23137,6.3,4,20856,90.1,2112,9.1,169,0.7
Metropolitan Police Service,Metropolitan,6,2024,194907,11.12,6,166874,85.6,22570,11.6,5463,2.8
Norfolk Constabulary,Norfolk,6,2024,11331,7.08,5,10030,88.5,1246,11,55,0.5
North Wales Police,North-Wales,6,2024,9502,7.45,4,7963,83.8,1449,15.2,90,0.9
North Yorkshire Police,North-Yorkshire,6,2024,9924,10.4,7,8159,82.2,1648,16.6,117,1.2
Northamptonshire Police,Northamptonshire,6,2024,12185,6.03,4,11113,91.2,1022,8.4,50,0.4
Northumbria Police,Northumbria,6,2024,23837,12.26,6,20216,84.8,2651,11.1,970,4.1
Nottinghamshire Police,Nottinghamshire,6,2024,17751,8.84,5,15496,87.3,1949,11,306,1.7
Police Scotland,Scotland,6,2024,63828,11.36,6,51732,81,10207,16,1889,3
Police Service of Northern Ireland,Northern-Ireland,6,2024,19492,10.46,6,15415,79.1,3627,18.6,450,2.3
South Wales Police,South-Wales,6,2024,19537,7.4,4,17404,89.1,1787,9.1,346,1.8
South Yorkshire Police,South-Yorkshire,6,2024,22570,8.69,5,19068,84.5,3238,14.3,264,1.2
Staffordshire Police,Staffordshire,6,2024,18514,16.17,5,14831,80.1,2295,12.4,1388,7.5
Suffolk Constabulary,Suffolk,6,2024,9523,9.3,5,8658,90.9,625,6.6,240,2.5
Surrey Police,Surrey,6,2024,13790,8.21,5,12344,89.5,1230,8.9,216,1.6
Sussex Police,Sussex,6,2024,24267,6.77,4,22269,91.8,1670,6.9,328,1.4
Thames Valley Police,Thames-Valley,6,2024,31847,10.84,7,26353,82.7,4954,15.6,540,1.7
Warwickshire Police,Warwickshire,6,2024,8674,10.05,7,7279,83.9,1316,15.2,79,0.9
West Mercia Police,West-Mercia,6,2024,15526,14.04,5,12642,81.4,1980,12.8,904,5.8
West Midlands police,West-Midlands,6,2024,65300,8.48,6,56438,86.4,8293,12.7,569,0.9
West Yorkshire Police,West-Yorkshire,6,2024,42353,6.3,4,37904,89.5,4255,10,194,0.5
Wiltshire Police,Wiltshire,6,2024,8827,15.91,7,6614,74.9,1709,19.4,504,5.7
Avon and Somerset Constabulary,Avon-and-Somerset,7,2024,29538,11.13,4,24470,82.8,4048,13.7,1020,3.5
Bedfordshire Police,Bedfordshire,7,2024,11201,14.55,4,9591,85.6,912,8.1,698,6.2
Cambridgeshire Constabulary,Cambridgeshire,7,2024,13683,6.3,4,12565,91.8,995,7.3,123,0.9
Cheshire Constabulary,Cheshire,7,2024,13442,8.68,5,11754,87.4,1468,10.9,220,1.6
Cleveland Police,Cleveland,7,2024,10041,8.45,5,8245,82.1,1706,17,90,0.9
Cumbria Constabulary,Cumbria,7,2024,6447,8.2,7,5682,88.1,747,11.6,18,0.3
Derbyshire Constabulary,Derbyshire,7,2024,15336,7.53,6,12204,79.6,3118,20.3,14,0.1
Devon & Cornwall Police,Devon-and-Cornwall,7,2024,28427,11.53,7,24578,86.5,2966,10.4,883,3.1
Dorset Police,Dorset,7,2024,12278,12.61,7,10269,83.6,1561,12.7,448,3.6
Durham Constabulary,Durham,7,2024,8984,13.95,8,6675,74.3,1946,21.7,363,4
Dyfed-Powys Police,Dyfed-Powys,7,2024,5958,9.15,4,4812,80.8,1027,17.2,119,2
Essex Police,Essex,7,2024,28925,11.52,4,23372,80.8,4328,15,1225,4.2
Gloucestershire Constabulary,Gloucestershire,7,2024,8257,8.82,6,6804,82.4,1375,16.7,78,0.9
Greater Manchester Police,Greater-Manchester,7,2024,53479,8.34,4,47026,87.9,5331,10,1122,2.1
Gwent Police,Gwent,7,2024,8249,6.53,4,7677,93.1,486,5.9,86,1
Hampshire Constabulary,Hampshire,7,2024,26443,10.18,7,22664,85.7,3430,13,349,1.3
Hertfordshire Constabulary,Hertfordshire,7,2024,16946,11.05,5,13579,80.1,2884,17,483,2.9
Humberside Police,Humberside,7,2024,14277,6.28,4,13353,93.5,857,6,67,0.5
Kent Police,Kent,7,2024,30893,6.06,4,28569,92.5,2130,6.9,194,0.6
Lancashire Constabulary,Lancashire,7,2024,25946,11.18,7,22112,85.2,3255,12.5,579,2.2
Leicestershire Police,Leicestershire,7,2024,16639,7.95,4,15454,92.9,867,5.2,318,1.9
Lincolnshire Police,Lincolnshire,7,2024,10356,5.13,3,9684,93.5,621,6,51,0.5
Merseyside Police,Merseyside,7,2024,23657,6.45,4,21379,90.4,2069,8.7,209,0.9
Metropolitan Police Service,Metropolitan,7,2024,203720,13.09,6,166479,81.7,28914,14.2,8327,4.1
Norfolk Constabulary,Norfolk,7,2024,11667,7.8,5,10071,86.3,1500,12.9,96,0.8
North Wales Police,North-Wales,7,2024,9794,6.73,4,8429,86.1,1295,13.2,70,0.7
North Yorkshire Police,North-Yorkshire,7,2024,10352,9.49,7,8672,83.8,1631,15.8,49,0.5
Northamptonshire Police,Northamptonshire,7,2024,13092,5.79,4,11957,91.3,1096,8.4,39,0.3
Northumbria Police,Northumbria,7,2024,25589,11.15,6,22115,86.4,2673,10.4,801,3.1
Nottinghamshire Police,Nottinghamshire,7,2024,19021,8.22,5,17034,89.6,1689,8.9,298,1.6
Police Scotland,Scotland,7,2024,66288,11.26,6,53767,81.1,10545,15.9,1976,3
Police Service of Northern Ireland,Northern-Ireland,7,2024,20280,10.01,6,16750,82.6,3112,15.3,418,2.1
South Wales Police,South-Wales,7,2024,20341,8.09,4,17711,87.1,2193,10.8,437,2.1
South Yorkshire Police,South-Yorkshire,7,2024,23388,7.92,5,20072,85.8,3145,13.4,171,0.7
Staffordshire Police,Staffordshire,7,2024,19472,14.42,5,16327,83.8,1866,9.6,1279,6.6
Suffolk Constabulary,Suffolk,7,2024,9988,12.39,5,8617,86.3,939,9.4,432,4.3
Surrey Police,Surrey,7,2024,14656,7.01,5,13516,92.2,1032,7,108,0.7
Sussex Police,Sussex,7,2024,26335,6.3,4,24399,92.6,1652,6.3,284,1.1
Thames Valley Police,Thames-Valley,7,2024,33368,10.21,7,28478,85.3,4375,13.1,515,1.5
Warwickshire Police,Warwickshire,7,2024,9177,11.6,8,7319,79.8,1691,18.4,167,1.8
West Mercia Police,West-Mercia,7,2024,15914,15.2,5,12788,80.4,2087,13.1,1039,6.5
West Midlands police,West-Midlands,7,2024,66355,7.81,6,58929,88.8,7009,10.6,417,0.6
West Yorkshire Police,West-Yorkshire,7,2024,44865,6.24,4,40024,89.2,4638,10.3,203,0.5
Wiltshire Police,Wiltshire,7,2024,8781,14.16,7,6811,77.6,1617,18.4,353,4
Avon and Somerset Constabulary,Avon-and-Somerset,8,2024,28442,8.74,4,24843,87.3,2971,10.4,628,2.2
Bedfordshire Police,Bedfordshire,8,2024,10605,8.02,4,9616,90.7,725,6.8,264,2.5
Cambridgeshire Constabulary,Cambridgeshire,8,2024,13343,7.33,3,12074,90.5,1005,7.5,264,2
Cheshire Constabulary,Cheshire,8,2024,12855,8.26,5,11240,87.4,1461,11.4,154,1.2
Cleveland Police,Cleveland,8,2024,10446,8.61,5,8764,83.9,1548,14.8,134,1.3
Cumbria Constabulary,Cumbria,8,2024,6419,8.03,7,5695,88.7,707,11,17,0.3
Derbyshire Constabulary,Derbyshire,8,2024,14911,7.39,6,12029,80.7,2875,19.3,7,0
Devon & Cornwall Police,Devon-and-Cornwall,8,2024,29019,9.47,7,25730,88.7,2851,9.8,438,1.5
Dorset Police,Dorset,8,2024,12545,11.91,7,10491,83.6,1685,13.4,369,2.9
Durham Constabulary,Durham,8,2024,8337,11.74,8,6607,79.2,1500,18,230,2.8
Dyfed-Powys Police,Dyfed-Powys,8,2024,6264,9.54,4,4983,79.5,1142,18.2,139,2.2
Essex Police,Essex,8,2024,28823,11.39,4,23077,80.1,4604,16,1142,4
Gloucestershire Constabulary,Gloucestershire,8,2024,8016,8.7,6,6517,81.3,1441,18,58,0.7
Greater Manchester Police,Greater-Manchester,8,2024,49750,6.96,4,45434,91.3,3693,7.4,623,1.3
Gwent Police,Gwent,8,2024,7965,5.99,4,7472,93.8,461,5.8,32,0.4
Hampshire Constabulary,Hampshire,8,2024,26845,9.77,7,23030,85.8,3522,13.1,293,1.1
Hertfordshire Constabulary,Hertfordshire,8,2024,15674,8.16,5,13696,87.4,1749,11.2,229,1.5
Humberside Police,Humberside,8,2024,13962,5.96,4,13180,94.4,725,5.2,57,0.4
Kent Police,Kent,8,2024,30914,5.1,4,29384,95.1,1418,4.6,112,0.4
Lancashire Constabulary,Lancashire,8,2024,25421,8.32,7,22611,88.9,2695,10.6,115,0.5
Leicestershire Police,Leicestershire,8,2024,16800,6.08,4,15802,94.1,810,4.8,188,1.1
Lincolnshire Police,Lincolnshire,8,2024,10491,4.83,3,9919,94.5,531,5.1,41,0.4
Merseyside Police,Merseyside,8,2024,22688,6.56,4,20539,90.5,1917,8.4,232,1
Metropolitan Police Service,Metropolitan,8,2024,195180,14.52,6,156370,80.1,28968,14.8,9842,5
Norfolk Constabulary,Norfolk,8,2024,12509,7.45,5,10949,87.5,1465,11.7,95,0.8
North Wales Police,North-Wales,8,2024,10806,6.8,4,9344,86.5,1361,12.6,101,0.9
North Yorkshire Police,North-Yorkshire,8,2024,10512,9.41,7,8905,84.7,1543,14.7,64,0.6
Northamptonshire Police,Northamptonshire,8,2024,12605,5.98,4,11516,91.4,1039,8.2,50,0.4
Northumbria Police,Northumbria,8,2024,24716,10.69,6,21761,88,2230,9,725,2.9
Nottinghamshire Police,Nottinghamshire,8,2024,18425,6.97,5,16821,91.3,1488,8.1,116,0.6
Police Scotland,Scotland,8,2024,66402,10.4,6,54660,82.3,10223,15.4,1519,2.3
Police Service of Northern Ireland,Northern-Ireland,8,2024,21138,10.67,6,16280,77,4368,20.7,490,2.3
South Wales Police,South-Wales,8,2024,20743,8.19,4,18076,87.1,2224,10.7,443,2.1
South Yorkshire Police,South-Yorkshire,8,2024,23109,7.4,5,20162,87.2,2857,12.4,90,0.4
Staffordshire Police,Staffordshire,8,2024,18527,16.36,5,15120,81.6,1966,10.6,1441,7.8
Suffolk Constabulary,Suffolk,8,2024,10196,11.42,5,8916,87.4,887,8.7,393,3.9
Surrey Police,Surrey,8,2024,14152,7.71,5,12682,89.6,1315,9.3,155,1.1
Sussex Police,Sussex,8,2024,26616,6.53,4,24380,91.6,1909,7.2,327,1.2
Thames Valley Police,Thames-Valley,8,2024,32257,9.67,7,27752,86,4114,12.8,391,1.2
Warwickshire Police,Warwickshire,8,2024,8978,11.39,8,7157,79.7,1658,18.5,163,1.8
West Mercia Police,West-Mercia,8,2024,15463,13.11,5,12863,83.2,1785,11.5,815,5.3
West Midlands police,West-Midlands,8,2024,63337,8.2,6,55372,87.4,7409,11.7,556,0.9
West Yorkshire Police,West-Yorkshire,8,2024,43626,5.99,4,39281,90,4185,9.6,160,0.4
Wiltshire Police,Wiltshire,8,2024,9498,12.26,7,7877,82.9,1315,13.8,306,3.2
Avon and Somerset Constabulary,Avon-and-Somerset,9,2024,25614,9.31,4,22356,87.3,2584,10.1,674,2.6
Bedfordshire Police,Bedfordshire,9,2024,10257,8.63,4,9182,89.5,775,7.6,300,2.9
Cambridgeshire Constabulary,Cambridgeshire,9,2024,11980,6.3,3,10887,90.9,924,7.7,169,1.4
Cheshire Constabulary,Cheshire,9,2024,12028,8.87,5,10419,86.6,1413,11.7,196,1.6
Cleveland Police,Cleveland,9,2024,9240,7.26,5,8043,87,1128,12.2,69,0.7
Cumbria Constabulary,Cumbria,9,2024,5528,8.33,7,4833,87.4,676,12.2,19,0.3
Derbyshire Constabulary,Derbyshire,9,2024,13550,7.43,6,10929,80.7,2614,19.3,7,0.1
Devon & Cornwall Police,Devon-and-Cornwall,9,2024,23375,9.59,7,20904,89.4,2073,8.9,398,1.7
Dorset Police,Dorset,9,2024,10223,10.11,7,8835,86.4,1206,11.8,182,1.8
Durham Constabulary,Durham,9,2024,7908,12.13,7,6362,80.5,1288,16.3,258,3.3
Dyfed-Powys Police,Dyfed-Powys,9,2024,5065,9.56,4,4032,79.6,911,18,122,2.4
Essex Police,Essex,9,2024,25736,11.46,4,20869,81.1,3804,14.8,1063,4.1
Gloucestershire Constabulary,Gloucestershire,9,2024,7348,7.83,4,6129,83.4,1165,15.9,54,0.7
Greater Manchester Police,Greater-Manchester,9,2024,48173,7.31,4,43705,90.7,3719,7.7,749,1.6
Gwent Police,Gwent,9,2024,7354,5.89,4,6864,93.3,452,6.1,38,0.5
Hampshire Constabulary,Hampshire,9,2024,23892,10.63,7,20202,84.6,3239,13.6,451,1.9
Hertfordshire Constabulary,Hertfordshire,9,2024,15316,12.22,5,12151,79.3,2585,16.9,580,3.8
Humberside Police,Humberside,9,2024,12602,5.36,4,11918,94.6,667,5.3,17,0.1
Kent Police,Kent,9,2024,26948,5.05,4,25577,94.9,1298,4.8,73,0.3
Lancashire Constabulary,Lancashire,9,2024,23584,9.23,7,20705,87.8,2601,11,278,1.2
Leicestershire Police,Leicestershire,9,2024,16190,6.46,4,15192,93.8,760,4.7,238,1.5
Lincolnshire Police,Lincolnshire,9,2024,8730,4.48,3,8354,95.7,350,4,26,0.3
Merseyside Police,Merseyside,9,2024,21357,6.94,4,18986,88.9,2119,9.9,252,1.2
Metropolitan Police Service,Metropolitan,9,2024,186893,14.61,6,146422,78.3,31126,16.7,9345,5
Norfolk Constabulary,Norfolk,9,2024,10771,7.42,5,9365,86.9,1339,12.4,67,0.6
North Wales Police,North-Wales,9,2024,9465,8.59,4,7922,83.7,1361,14.4,182,1.9
North Yorkshire Police,North-Yorkshire,9,2024,9170,9.54,7,7749,84.5,1356,14.8,65,0.7
Northamptonshire Police,Northamptonshire,9,2024,11979,5.73,4,10929,91.2,1023,8.5,27,0.2
Northumbria Police,Northumbria,9,2024,22510,11.34,6,19418,86.3,2365,10.5,727,3.2
Nottinghamshire Police,Nottinghamshire,9,2024,17179,6.9,5,15864,92.3,1214,7.1,101,0.6
Police Scotland,Scotland,9,2024,64965,12.02,6,51587,79.4,11057,17,2321,3.6
Police Service of Northern Ireland,Northern-Ireland,9,2024,20517,10.52,6,15347,74.8,4767,23.2,403,2
South Wales Police,South-Wales,9,2024,18554,8.45,4,15971,86.1,2170,11.7,413,2.2
South Yorkshire Police,South-Yorkshire,9,2024,21030,7.66,5,18209,86.6,2718,12.9,103,0.5
Staffordshire Police,Staffordshire,9,2024,16188,13.03,5,13956,86.2,1325,8.2,907,5.6
Suffolk Constabulary,Suffolk,9,2024,8939,9.62,5,7981,89.3,726,8.1,232,2.6
Surrey Police,Surrey,9,2024,13269,10.05,5,11391,85.8,1555,11.7,323,2.4
Sussex Police,Sussex,9,2024,22886,6.05,4,21281,93,1378,6,227,1
Thames Valley Police,Thames-Valley,9,2024,30356,9.71,7,26171,86.2,3783,12.5,402,1.3
Warwickshire Police,Warwickshire,9,2024,8627,10.77,7,7021,81.4,1490,17.3,116,1.3
West Mercia Police,West-Mercia,9,2024,14007,12.03,5,11831,84.5,1538,11,638,4.6
West Midlands police,West-Midlands,9,2024,59654,7.21,5,53922,90.4,5504,9.2,228,0.4
West Yorkshire Police,West-Yorkshire,9,2024,39678,6.2,4,35515,89.5,3980,10,183,0.5
Wiltshire Police,Wiltshire,9,2024,8359,12.49,6,6972,83.4,1085,13,302,3.6
Avon and Somerset Constabulary,Avon-and-Somerset,10,2024,25924,8.03,4,23221,89.6,2263,8.7,440,1.7
Bedfordshire Police,Bedfordshire,10,2024,10242,6.49,4,9555,93.3,525,5.1,162,1.6
Cambridgeshire Constabulary,Cambridgeshire,10,2024,12623,5.64,3,11548,91.5,941,7.5,134,1.1
Cheshire Constabulary,Cheshire,10,2024,12483,6.43,5,11560,92.6,847,6.8,76,0.6
Cleveland Police,Cleveland,10,2024,9797,8.4,5,8041,82.1,1655,16.9,101,1
Cumbria Constabulary,Cumbria,10,2024,5799,8.01,6,5110,88.1,677,11.7,12,0.2
Derbyshire Constabulary,Derbyshire,10,2024,13941,7.38,6,11363,81.5,2559,18.4,19,0.1
Devon & Cornwall Police,Devon-and-Cornwall,10,2024,24335,8.91,7,22183,91.2,1834,7.5,318,1.3
Dorset Police,Dorset,10,2024,10500,10.41,7,9098,86.6,1200,11.4,202,1.9
Durham Constabulary,Durham,10,2024,8692,16.73,6,6507,74.9,1554,17.9,631,7.3
Dyfed-Powys Police,Dyfed-Powys,10,2024,5340,7.85,4,4515,84.6,746,14,79,1.5
Essex Police,Essex,10,2024,26922,11.54,4,22043,81.9,3721,13.8,1158,4.3
Gloucestershire Constabulary,Gloucestershire,10,2024,7499,7.34,4,6350,84.7,1086,14.5,63,0.8
Greater Manchester Police,Greater-Manchester,10,2024,50378,8.79,4,44132,87.6,4903,9.7,1343,2.7
Gwent Police,Gwent,10,2024,7694,6,4,7178,93.3,467,6.1,49,0.6
Hampshire Constabulary,Hampshire,10,2024,24275,9.76,7,21091,86.9,2888,11.9,296,1.2
Hertfordshire Constabulary,Hertfordshire,10,2024,15444,8.13,4,13460,87.2,1776,11.5,208,1.3
Humberside Police,Humberside,10,2024,13248,5.18,4,12586,95,646,4.9,16,0.1
Kent Police,Kent,10,2024,27583,4.88,4,26299,95.3,1220,4.4,64,0.2
Lancashire Constabulary,Lancashire,10,2024,23528,7.64,7,21596,91.8,1874,8,58,0.2
Leicestershire Police,Leicestershire,10,2024,16730,7.81,4,15342,91.7,1035,6.2,353,2.1
Lincolnshire Police,Lincolnshire,10,2024,8819,3.75,3,8514,96.5,286,3.2,19,0.2
Merseyside Police,Merseyside,10,2024,23297,5.95,4,21230,91.1,1893,8.1,174,0.7
Metropolitan Police Service,Metropolitan,10,2024,195184,14.7,6,152608,78.2,32375,16.6,10201,5.2
Norfolk Constabulary,Norfolk,10,2024,10586,7.11,5,9396,88.8,1120,10.6,70,0.7
North Wales Police,North-Wales,10,2024,9187,6.89,4,7853,85.5,1253,13.6,81,0.9
North Yorkshire Police,North-Yorkshire,10,2024,9633,9.12,7,8307,86.2,1286,13.3,40,0.4
Northamptonshire Police,Northamptonshire,10,2024,12212,5.42,4,11298,92.5,895,7.3,19,0.2
Northumbria Police,Northumbria,10,2024,22950,10.37,6,19975,87,2428,10.6,547,2.4
Nottinghamshire Police,Nottinghamshire,10,2024,18133,7.87,5,16576,91.4,1308,7.2,249,1.4
Police Scotland,Scotland,10,2024,61985,11.12,5,50952,82.2,9062,14.6,1971,3.2
Police Service of Northern Ireland,Northern-Ireland,10,2024,20224,9.22,6,17036,84.2,2821,13.9,367,1.8
South Wales Police,South-Wales,10,2024,19751,8.1,4,17064,86.4,2285,11.6,402,2
South Yorkshire Police,South-Yorkshire,10,2024,23511,7.34,5,20625,87.7,2777,11.8,109,0.5
Staffordshire Police,Staffordshire,10,2024,16933,13.19,5,14457,85.4,1522,9,954,5.6
Suffolk Constabulary,Suffolk,10,2024,9405,10.74,5,8302,88.3,789,8.4,314,3.3
Surrey Police,Surrey,10,2024,13598,10.3,4,11391,83.8,1761,13,446,3.3
Sussex Police,Sussex,10,2024,22761,6.46,4,20902,91.8,1560,6.9,299,1.3
Thames Valley Police,Thames-Valley,10,2024,31035,10.04,7,26824,86.4,3750,12.1,461,1.5
Warwickshire Police,Warwickshire,10,2024,8850,10.15,7,7433,84,1317,14.9,100,1.1
West Mercia Police,West-Mercia,10,2024,14701,14.3,5,12052,82,1772,12.1,877,6
West Midlands police,West-Midlands,10,2024,63505,6.47,5,59222,93.3,4194,6.6,89,0.1
West Yorkshire Police,West-Yorkshire,10,2024,41682,6.05,4,37558,90.1,3970,9.5,154,0.4
Wiltshire Police,Wiltshire,10,2024,8988,10,6,7911,88,895,10,182,2
Avon and Somerset Constabulary,Avon-and-Somerset,11,2024,23433,5.91,4,21880,93.4,1395,6,158,0.7
Bedfordshire Police,Bedfordshire,11,2024,9457,6.75,4,8803,93.1,489,5.2,165,1.7
Cambridgeshire Constabulary,Cambridgeshire,11,2024,11500,4.67,3,10797,93.9,640,5.6,63,0.5
Cheshire Constabulary,Cheshire,11,2024,11443,8.18,5,10265,89.7,973,8.5,205,1.8
Cleveland Police,Cleveland,11,2024,8643,8.28,5,7346,85,1196,13.8,101,1.2
Cumbria Constabulary,Cumbria,11,2024,5084,7.59,6,4574,90,503,9.9,7,0.1
Derbyshire Constabulary,Derbyshire,11,2024,13324,6.94,6,11239,84.4,2078,15.6,7,0.1
Devon & Cornwall Police,Devon-and-Cornwall,11,2024,22353,7.89,6,20952,93.7,1253,5.6,148,0.7
Dorset Police,Dorset,11,2024,9663,9.73,7,8544,88.4,968,10,151,1.6
Durham Constabulary,Durham,11,2024,7898,12.54,6,6490,82.2,1080,13.7,328,4.2
Dyfed-Powys Police,Dyfed-Powys,11,2024,4835,7.96,4,4254,88,486,10.1,95,2
Essex Police,Essex,11,2024,24497,11.68,4,20416,83.3,3173,13,908,3.7
Gloucestershire Constabulary,Gloucestershire,11,2024,6942,6.54,4,6048,87.1,862,12.4,32,0.5
Greater Manchester Police,Greater-Manchester,11,2024,46717,6.22,4,43365,92.8,2938,6.3,414,0.9
Gwent Police,Gwent,11,2024,7259,5.75,4,6854,94.4,372,5.1,33,0.5
Hampshire Constabulary,Hampshire,11,2024,22522,8.82,6,20201,89.7,2021,9,300,1.3
Hertfordshire Constabulary,Hertfordshire,11,2024,14676,8.13,4,12806,87.3,1667,11.4,203,1.4
Humberside Police,Humberside,11,2024,12439,5,4,11874,95.5,556,4.5,9,0.1
Kent Police,Kent,11,2024,25425,5.76,4,24228,95.3,1079,4.2,118,0.5
Lancashire Constabulary,Lancashire,11,2024,21638,6.99,6,20163,93.2,1445,6.7,30,0.1
Leicestershire Police,Leicestershire,11,2024,15871,6.85,4,14940,94.1,675,4.3,256,1.6
Lincolnshire Police,Lincolnshire,11,2024,8315,3.38,3,8117,97.6,186,2.2,12,0.1
Merseyside Police,Merseyside,11,2024,21232,6.02,4,19441,91.6,1611,7.6,180,0.8
Metropolitan Police Service,Metropolitan,11,2024,179585,13.9,6,145343,80.9,26045,14.5,8197,4.6
Norfolk Constabulary,Norfolk,11,2024,9782,6.24,5,8961,91.6,783,8,38,0.4
North Wales Police,North-Wales,11,2024,8814,6.39,4,7690,87.2,1054,12,70,0.8
North Yorkshire Police,North-Yorkshire,11,2024,8660,8.3,7,7731,89.3,906,10.5,23,0.3
Northamptonshire Police,Northamptonshire,11,2024,11739,6,4,10668,90.9,1038,8.8,33,0.3
Northumbria Police,Northumbria,11,2024,21450,8.58,6,19568,91.2,1622,7.6,260,1.2
Nottinghamshire Police,Nottinghamshire,11,2024,16627,8.81,5,14909,89.7,1363,8.2,355,2.1
Police Scotland,Scotland,11,2024,57742,9.51,5,49703,86.1,6816,11.8,1223,2.1
Police Service of Northern Ireland,Northern-Ireland,11,2024,18570,8.39,6,15963,86,2399,12.9,208,1.1
South Wales Police,South-Wales,11,2024,18696,7.36,4,16561,88.6,1798,9.6,337,1.8
South Yorkshire Police,South-Yorkshire,11,2024,21626,6.43,5,19628,90.8,1972,9.1,26,0.1
Staffordshire Police,Staffordshire,11,2024,15126,9.55,4,13751,90.9,874,5.8,501,3.3
Suffolk Constabulary,Suffolk,11,2024,8414,8.83,5,7652,90.9,585,7,177,2.1
Surrey Police,Surrey,11,2024,12808,10.22,4,11005,85.9,1381,10.8,422,3.3
Sussex Police,Sussex,11,2024,20866,5.6,4,19618,94,1079,5.2,169,0.8
Thames Valley Police,Thames-Valley,11,2024,28556,8.81,6,25189,88.2,2983,10.4,384,1.3
Warwickshire Police,Warwickshire,11,2024,8066,9.78,7,6920,85.8,1062,13.2,84,1
West Mercia Police,West-Mercia,11,2024,14337,12.22,5,12195,85.1,1533,10.7,609,4.2
West Midlands police,West-Midlands,11,2024,57476,6.03,5,55259,96.1,2119,3.7,98,0.2
West Yorkshire Police,West-Yorkshire,11,2024,38456,5.35,4,35678,92.8,2697,7,81,0.2
Wiltshire Police,Wiltshire,11,2024,7903,9.27,6,7164,90.6,642,8.1,97,1.2
Avon and Somerset Constabulary,Avon-and-Somerset,12,2024,23823,5.5,4,22594,94.8,1107,4.6,122,0.5
Bedfordshire Police,Bedfordshire,12,2024,9565,7.77,4,8776,91.8,574,6,215,2.2
Cambridgeshire Constabulary,Cambridgeshire,12,2024,11610,4.51,3,11014,94.9,527,4.5,69,0.6
Cheshire Constabulary,Cheshire,12,2024,12106,8.61,5,10778,89,1079,8.9,249,2.1
Cleveland Police,Cleveland,12,2024,8548,8.43,5,7231,84.6,1199,14,118,1.4
Cumbria Constabulary,Cumbria,12,2024,5215,8.42,6,4673,89.6,516,9.9,26,0.5
Derbyshire Constabulary,Derbyshire,12,2024,13284,6.84,6,11352,85.5,1927,14.5,5,0
Devon & Cornwall Police,Devon-and-Cornwall,12,2024,22531,7.54,6,21269,94.4,1138,5.1,124,0.6
Dorset Police,Dorset,12,2024,10094,11.32,7,8651,85.7,1192,11.8,251,2.5
Durham Constabulary,Durham,12,2024,8280,11.85,6,6956,84,996,12,328,4
Dyfed-Powys Police,Dyfed-Powys,12,2024,5178,7.87,4,4547,87.8,544,10.5,87,1.7
Essex Police,Essex,12,2024,24765,9.5,4,21154,85.4,2863,11.6,748,3
Gloucestershire Constabulary,Gloucestershire,12,2024,7071,5.97,4,6390,90.4,654,9.2,27,0.4
Greater Manchester Police,Greater-Manchester,12,2024,46337,5.37,4,44019,95,2143,4.6,175,0.4
Gwent Police,Gwent,12,2024,7287,5.74,5,6850,94,413,5.7,24,0.3
Hampshire Constabulary,Hampshire,12,2024,22163,6.54,4,20541,92.7,1466,6.6,156,0.7
Hertfordshire Constabulary,Hertfordshire,12,2024,14730,8.32,4,12881,87.4,1603,10.9,246,1.7
Humberside Police,Humberside,12,2024,12187,4.97,4,11652,95.6,522,4.3,13,0.1
Kent Police,Kent,12,2024,25477,5.28,4,23919,93.9,1485,5.8,73,0.3
Lancashire Constabulary,Lancashire,12,2024,21337,6.25,5,20285,95.1,1021,4.8,31,0.1
Leicestershire Police,Leicestershire,12,2024,15356,7.03,4,14574,94.9,546,3.6,236,1.5
Lincolnshire Police,Lincolnshire,12,2024,8700,3.51,3,8432,96.9,259,3,9,0.1
Merseyside Police,Merseyside,12,2024,21551,6.51,4,19368,89.9,1940,9,243,1.1
Metropolitan Police Service,Metropolitan,12,2024,176955,14.35,6,143225,80.9,25094,14.2,8636,4.9
Norfolk Constabulary,Norfolk,12,2024,10422,6.71,5,9258,88.8,1135,10.9,29,0.3
North Wales Police,North-Wales,12,2024,9098,6.3,4,7817,85.9,1238,13.6,43,0.5
North Yorkshire Police,North-Yorkshire,12,2024,8735,8.25,7,7916,90.6,772,8.8,47,0.5
Northamptonshire Police,Northamptonshire,12,2024,11359,5.58,4,10649,93.7,684,6,26,0.2
Northumbria Police,Northumbria,12,2024,21358,9.37,6,19502,91.3,1427,6.7,429,2
Nottinghamshire Police,Nottinghamshire,12,2024,16356,6.9,5,15246,93.2,958,5.9,152,0.9
Police Scotland,Scotland,12,2024,57942,8.72,5,50966,88,6025,10.4,951,1.6
Police Service of Northern Ireland,Northern-Ireland,12,2024,19900,10.31,6,16719,84,2665,13.4,516,2.6
South Wales Police,South-Wales,12,2024,18582,6.81,3,16851,90.7,1415,7.6,316,1.7
South Yorkshire Police,South-Yorkshire,12,2024,21209,6.22,5,19505,92,1659,7.8,45,0.2
Staffordshire Police,Staffordshire,12,2024,15312,12.03,4,13357,87.2,1166,7.6,789,5.2
Suffolk Constabulary,Suffolk,12,2024,8122,8.19,5,7404,91.2,563,6.9,155,1.9
Surrey Police,Surrey,12,2024,12921,8.28,4,11471,88.8,1142,8.8,308,2.4
Sussex Police,Sussex,12,2024,20713,4.9,4,19830,95.7,784,3.8,99,0.5
Thames Valley Police,Thames-Valley,12,2024,28687,6.91,4,26200,91.3,2136,7.4,351,1.2
Warwickshire Police,Warwickshire,12,2024,8829,11.39,7,7169,81.2,1488,16.9,172,1.9
West Mercia Police,West-Mercia,12,2024,14243,10.52,5,12421,87.2,1356,9.5,466,3.3
West Midlands police,West-Midlands,12,2024,56894,5.8,5,55041,96.7,1799,3.2,54,0.1
West Yorkshire Police,West-Yorkshire,12,2024,38043,5.28,4,35710,93.9,2224,5.8,109,0.3
Wiltshire Police,Wiltshire,12,2024,7900,8.22,6,7208,91.2,621,7.9,71,0.9
Avon and Somerset Constabulary,Avon-and-Somerset,1,2025,22022,5.29,4,21023,95.5,888,4,111,0.5
Bedfordshire Police,Bedfordshire,1,2025,8943,6.74,4,8330,93.1,461,5.2,152,1.7
Cambridgeshire Constabulary,Cambridgeshire,1,2025,11010,4.03,3,10560,95.9,421,3.8,29,0.3
Cheshire Constabulary,Cheshire,1,2025,11292,7.2,5,10170,90.1,996,8.8,126,1.1
Cleveland Police,Cleveland,1,2025,7971,7,5,7040,88.3,880,11,51,0.6
Cumbria Constabulary,Cumbria,1,2025,4995,7.53,6,4556,91.2,428,8.6,11,0.2
Derbyshire Constabulary,Derbyshire,1,2025,12449,6.48,6,11109,89.2,1334,10.7,6,0
Devon & Cornwall Police,Devon-and-Cornwall,1,2025,20996,7.15,6,20026,95.4,917,4.4,53,0.3
Dorset Police,Dorset,1,2025,9112,9.52,7,7991,87.7,997,10.9,124,1.4
Durham Constabulary,Durham,1,2025,7839,16.39,7,6289,80.2,1060,13.5,490,6.3
Dyfed-Powys Police,Dyfed-Powys,1,2025,4396,6.14,4,4010,91.2,356,8.1,30,0.7
Essex Police,Essex,1,2025,22217,8.17,4,19243,86.6,2504,11.3,470,2.1
Gloucestershire Constabulary,Gloucestershire,1,2025,6695,5.25,4,6229,93,457,6.8,9,0.1
Greater Manchester Police,Greater-Manchester,1,2025,43326,5.55,4,41002,94.6,2080,4.8,244,0.6
Gwent Police,Gwent,1,2025,6810,5.63,4,6456,94.8,328,4.8,26,0.4
Hampshire Constabulary,Hampshire,1,2025,20652,5.49,4,19716,95.5,880,4.3,56,0.3
Hertfordshire Constabulary,Hertfordshire,1,2025,13225,6.77,4,12004,90.8,1115,8.4,106,0.8
Humberside Police,Humberside,1,2025,10736,4.78,4,10342,96.3,386,3.6,8,0.1
Kent Police,Kent,1,2025,23631,4.84,4,22555,95.4,1022,4.3,54,0.2
Lancashire Constabulary,Lancashire,1,2025,20234,6.07,5,19350,95.6,864,4.3,20,0.1
Leicestershire Police,Leicestershire,1,2025,14954,6.39,4,14180,94.8,568,3.8,206,1.4
Lincolnshire Police,Lincolnshire,1,2025,7587,3.24,3,7422,97.8,157,2.1,8,0.1
Merseyside Police,Merseyside,1,2025,20671,5.57,3,18983,91.8,1573,7.6,115,0.6
Metropolitan Police Service,Metropolitan,1,2025,165732,10.7,6,144409,87.1,17103,10.3,4220,2.5
Norfolk Constabulary,Norfolk,1,2025,9377,5.84,4,8703,92.8,659,7,15,0.2
North Wales Police,North-Wales,1,2025,7983,7.36,4,6852,85.8,1031,12.9,100,1.3
North Yorkshire Police,North-Yorkshire,1,2025,7471,7.57,7,6887,92.2,575,7.7,9,0.1
Northamptonshire Police,Northamptonshire,1,2025,10452,5.24,4,9895,94.7,542,5.2,15,0.1
Northumbria Police,Northumbria,1,2025,19491,8.29,6,18183,93.3,1079,5.5,229,1.2
Nottinghamshire Police,Nottinghamshire,1,2025,15247,6.16,5,14440,94.7,744,4.9,63,0.4
Police Scotland,Scotland,1,2025,53020,9.31,5,44995,84.9,7115,13.4,910,1.7
Police Service of Northern Ireland,Northern-Ireland,1,2025,18776,8.96,6,16115,85.8,2344,12.5,317,1.7
South Wales Police,South-Wales,1,2025,17356,6.24,3,15792,91,1378,7.9,186,1.1
South Yorkshire Police,South-Yorkshire,1,2025,19525,6.19,5,18087,92.6,1403,7.2,35,0.2
Staffordshire Police,Staffordshire,1,2025,13626,8.11,4,12527,91.9,784,5.8,315,2.3
Suffolk Constabulary,Suffolk,1,2025,7942,6.43,4,7466,94,405,5.1,71,0.9
Surrey Police,Surrey,1,2025,11859,7.35,4,10761,90.7,879,7.4,219,1.8
Sussex Police,Sussex,1,2025,20427,4.79,4,19584,95.9,766,3.7,77,0.4
Thames Valley Police,Thames-Valley,1,2025,26041,5.46,4,24714,94.9,1220,4.7,107,0.4
Warwickshire Police,Warwickshire,1,2025,7720,10.1,7,6576,85.2,1052,13.6,92,1.2
West Mercia Police,West-Mercia,1,2025,13111,9.11,5,11692,89.2,1099,8.4,320,2.4
West Midlands police,West-Midlands,1,2025,53797,5.7,5,52263,97.1,1504,2.8,30,0.1
West Yorkshire Police,West-Yorkshire,1,2025,36172,5.26,4,33811,93.5,2281,6.3,80,0.2
Wiltshire Police,Wiltshire,1,2025,7640,9.51,6,6786,88.8,740,9.7,114,1.5
Avon and Somerset Constabulary,Avon-and-Somerset,2,2025,19950,4.68,4,19404,97.3,500,2.5,46,0.2
Bedfordshire Police,Bedfordshire,2,2025,8645,7.86,4,7893,91.3,548,6.3,204,2.4
Cambridgeshire Constabulary,Cambridgeshire,2,2025,10453,4.67,3,9836,94.1,555,5.3,62,0.6
Cheshire Constabulary,Cheshire,2,2025,9876,7.04,4,9029,91.4,755,7.6,92,0.9
Cleveland Police,Cleveland,2,2025,7623,6.45,5,6862,90,732,9.6,29,0.4
Cumbria Constabulary,Cumbria,2,2025,4649,8.5,7,4011,86.3,621,13.4,17,0.4
Derbyshire Constabulary,Derbyshire,2,2025,11218,6.52,6,10014,89.3,1194,10.6,10,0.1
Devon & Cornwall Police,Devon-and-Cornwall,2,2025,19638,8.13,6,18253,92.9,1241,6.3,144,0.7
Dorset Police,Dorset,2,2025,8346,9.24,7,7396,88.6,856,10.3,94,1.1
Durham Constabulary,Durham,2,2025,6667,9.98,6,5730,85.9,794,11.9,143,2.1
Dyfed-Powys Police,Dyfed-Powys,2,2025,4327,5.47,4,4046,93.5,265,6.1,16,0.4
Essex Police,Essex,2,2025,20894,7.96,4,18183,87,2288,11,423,2
Gloucestershire Constabulary,Gloucestershire,2,2025,5849,5.13,4,5447,93.1,395,6.8,7,0.1
Greater Manchester Police,Greater-Manchester,2,2025,39873,5.66,4,37500,94,2179,5.5,194,0.5
Gwent Police,Gwent,2,2025,6415,5.34,4,6126,95.5,269,4.2,20,0.3
Hampshire Constabulary,Hampshire,2,2025,18956,5.83,4,17845,94.1,1052,5.5,59,0.3
Hertfordshire Constabulary,Hertfordshire,2,2025,12478,6.59,4,11388,91.3,1014,8.1,76,0.6
Humberside Police,Humberside,2,2025,10649,5.36,4,10046,94.3,585,5.5,18,0.2
Kent Police,Kent,2,2025,21934,5.1,4,20764,94.7,1084,4.9,86,0.4
Lancashire Constabulary,Lancashire,2,2025,18221,6.27,5,17256,94.7,942,5.2,23,0.1
Leicestershire Police,Leicestershire,2,2025,13662,6.28,4,12965,94.9,523,3.8,174,1.3
Lincolnshire Police,Lincolnshire,2,2025,6820,3.5,3,6643,97.4,162,2.4,15,0.2
Merseyside Police,Merseyside,2,2025,20099,6.11,4,18172,90.4,1766,8.8,161,0.8
Metropolitan Police Service,Metropolitan,2,2025,153682,20.46,7,109945,71.5,30792,20,12945,8.4
Norfolk Constabulary,Norfolk,2,2025,8319,6.65,5,7536,90.6,752,9,31,0.4
North Wales Police,North-Wales,2,2025,7367,7.16,4,6178,83.9,1131,15.4,58,0.8
North Yorkshire Police,North-Yorkshire,2,2025,7085,7.37,6,6523,92.1,552,7.8,10,0.1
Northamptonshire Police,Northamptonshire,2,2025,10091,5.42,4,9432,93.5,646,6.4,13,0.1
Northumbria Police,Northumbria,2,2025,18313,8.99,6,16849,92,1194,6.5,270,1.5
Nottinghamshire Police,Nottinghamshire,2,2025,14439,6.24,5,13596,94.2,772,5.3,71,0.5
Police Scotland,Scotland,2,2025,50244,10.65,5,39913,79.4,9266,18.4,1065,2.1
Police Service of Northern Ireland,Northern-Ireland,2,2025,16836,9.13,6,14211,84.4,2318,13.8,307,1.8
South Wales Police,South-Wales,2,2025,15690,5.97,3,14357,91.5,1204,7.7,129,0.8
South Yorkshire Police,South-Yorkshire,2,2025,18048,6.06,5,16834,93.3,1194,6.6,20,0.1
Staffordshire Police,Staffordshire,2,2025,13200,9.97,4,11754,89,969,7.3,477,3.6
Suffolk Constabulary,Suffolk,2,2025,7193,9.86,5,6403,89,599,8.3,191,2.7
Surrey Police,Surrey,2,2025,11073,7.39,4,9964,90,913,8.2,196,1.8
Sussex Police,Sussex,2,2025,18515,4.98,4,17637,95.3,806,4.4,72,0.4
Thames Valley Police,Thames-Valley,2,2025,24379,6.16,4,22767,93.4,1437,5.9,175,0.7
Warwickshire Police,Warwickshire,2,2025,7182,9.76,7,6122,85.2,997,13.9,63,0.9
West Mercia Police,West-Mercia,2,2025,11956,9.59,5,10658,89.1,993,8.3,305,2.6
West Midlands police,West-Midlands,2,2025,50634,5.99,5,48444,95.7,2159,4.3,31,0.1
West Yorkshire Police,West-Yorkshire,2,2025,33832,5.8,4,31066,91.8,2609,7.7,157,0.5
Wiltshire Police,Wiltshire,2,2025,6687,9.01,6,5919,88.5,693,10.4,75,1.1
